id,comment,patterns
org.objenesis:objenesis,UnsafeFactoryInstantiator uses allocateInstance,serialization
com.google.guava:guava,UnsignedBytes,probyte
org.jboss.modules:jboss-modules,ConcurrentClassLoader,monitor
org.codehaus.groovy:groovy-all,FastStringUtils accesses fields of String class and avoids copying the underlying char array,finalfield
org.scala-lang:scala-library,FJ,lockfree
org.springframework:spring-core,UnsafeFactoryInstantiator,serialization
com.github.jnr:jffi,Java Foreign Function Interface uses Get&Int&copyMemory&setMemory in class MemoryIO,marshalling
com.hazelcast:hazelcast-all,Alloc&Get&Put,serialization
com.oracle:truffle,Get&Put&Alloc,serialization
com.headius:openjdk-truffle,Get&Put&Alloc,serialization
com.headius:unsafe-mock,Mocking implementation of s.m.u,
org.jruby:jruby-core,Ruby,lockfree&probyte
net.sf.ehcache:ehcache,UnsafeSizeOf class uses Array&Offset,size
io.netty:netty-all,FJ,lockfree&throw
com.caucho:hessian,Binary web service protocol,serialization
io.netty:netty,UnsafeAioChannelFinder,
com.thoughtworks.xstream:xstream,SunUnsafeReflectionProvider class uses Alloc&Put&Offset,serialization
net.sf.ehcache:ehcache-core,UnsafeSizeOf class uses Array&Offset,size
org.jboss.spec:jboss-javaee-all-7.0,sun/corba/Bridge uses Get&Put&Offset&Throw,throw&finalfield
com.lmax:disruptor,CAS,lockfree
org.glassfish.grizzly:grizzly-framework,CAS,lockfree
org.mockito:mockito-all,UnsafeFactoryInstantiator uses allocateInstance,serialization
com.google.gwt:gwt-dev,Striped & UnsignedBytes,lockfree&probyte
com.googlecode.concurrentlinkedhashmap:concurrentlinkedhashmap-lru,ConcurrentHashMapV8,lockfree
com.codahale.metrics:metrics-core,Striped64,lockfree
org.codehaus.groovy:groovy-eclipse-batch,FastStringUtils,finalfield
org.apache.avro:avro,Get&Offset&Put,serialization
com.cenqua.clover:clover,UnsignedBytes,probyte
org.apache.hadoop:hadoop-common,UnsignedBytes & pageSize pattern in NativeIO ,probyte&page
org.apache.hadoop:hadoop-hdfs,ShortCircuitShm,lockfree
org.jruby:jruby-complete,JRuby,marshalling&serialization&lockfree&probyte
org.glassfish.jersey.bundles.repackaged:jersey-guava,,lockfree
org.glassfish.jersey.core:jersey-common,,lockfree
net.jpountz.lz4:lz4,LZ4 compression library. UnsafeUtils is a wrapper class. It uses smu for performance,probyte&serialization
com.esotericsoftware.kryo:kryo,Serialization library,serialization
com.google.gwt:gwt-servlet,,lockfree&probyte
org.neo4j:neo4j-primitive-collections,Graph database. UnsafeTable class off-heap data structures,lockfree&largearrays
org.neo4j:neo4j-io,UnsafeUtil wrapper class,
org.neo4j:neo4j-kernel,OffHeapNumberArray&OffHeapLongArray&OffHeapIntArray classes off-heap data structures,largearrays
com.typesafe.akka:akka-actor_2.10,Actor library,lockfree
xstream:xstream,Sun14ReflectionProvider,serialization
org.apache.camel:camel-core,,lockfree
org.elasticsearch:elasticsearch,UnsafeChunkDecoder JITClassLoader jsr166,probyte&class&lockfree&throw
com.hazelcast:hazelcast,,serialization
org.iq80.snappy:snappy,,probyte&serialization
com.typesafe.akka:akka-actor_2.11,,lockfree
org.jboss.weld.servlet:weld-servlet,,probyte&lockfree
org.infinispan:infinispan-commons,FJ,lockfree
org.mapdb:mapdb,MapDB provides concurrent Maps Sets and Queues backed by disk storage or off-heap memory,largearrays
com.ning:compress-lzf,,probyte
io.undertow:undertow-core,,lockfree
io.fastjson:boon,,serialization
org.glassfish.main.grizzly:nucleus-grizzly-all,,lockfree
org.codehaus.jsr166-mirror:jsr166y,FJ,lockfree&throw
com.google.guava:guava-jdk5,Striped64 UnsignedBytes,probyte&lockfree
io.reactivex:rxjava,,lockfree
org.weakref:jmxutils,,probyte&lockfree
org.python:jython,,marshalling&lockfree&probyte&throw
org.apache.servicemix.bundles:org.apache.servicemix.bundles.ehcache,,page
io.dropwizard.metrics:metrics-core,,lockfree
org.apache.servicemix.bundles:org.apache.servicemix.bundles.xstream,,serialization
com.orientechnologies:orientdb-core,,probyte&largearrays
com.google.appengine:appengine-api-1.0-sdk,,probyte
org.mule.mvel:mule-mvel2,JITClassLoader,class
com.boundary:high-scale-lib,Cliff Click high scale lib,lockfree
com.github.jbellis:jamm,,size
org.sonatype.nexus.xstream:xstream,Sun14ReflectionProvider,serialization
org.apache.cassandra:cassandra-all,,largearrays&probyte&monitor
com.twitter:util-core_2.10,,lockfree
io.netty:netty-common,,lockfree
com.netflix.servo:servo-internal,,lockfree
org.python:jython-standalone,,marshalling&lockfree&probyte&throw
org.apache.tez:tez-runtime-library,,probyte
com.netflix.rxjava:rxjava-core,,lockfree
com.twitter:util-core_2.9.2,,lockfree
com.github.stephenc.high-scale-lib:high-scale-lib,,lockfree
com.typesafe.akka:akka-osgi_2.10,,lockfree
jboss:jboss-serialization,UnsafeFieldsManager,serialization
org.apache.hbase:hbase-common,,probyte
org.apache.hive:hive-exec,,probyte&serialization
org.jodd:jodd-core,Wrapper class,
org.jboss.spec.javax.rmi:jboss-rmi-api_1.0_spec,sun/corba/Bridge,throw&serialization
com.twitter:finagle-core_2.10,,lockfree
org.apache.geronimo.bundles:sxc-jaxb,,serialization
com.twitter:util-core_2.11,,lockfree
org.apache.wicket:wicket,,serialization
org.hudsonci.tools:xstream,,serialization
org.openjdk.jol:jol-core,,
org.apache.directmemory:directmemory-cache,,largearrays
org.spark-project.akka:akka-actor_2.10,,lockfree
info.cukes:cucumber-jvm-deps,,serialization
com.twitter:finagle-core_2.9.2,,lockfree
com.vaadin:vaadin,,serialization
io.spray:spray-util_2.11,,lockfree
co.cask.common:common-lang,,serialization
org.jboss.weld.se:weld-se,,lockfree&probyte
edu.internet2.middleware.grouper:grouperClient,,serialization
nl.jqno.equalsverifier:equalsverifier,,serialization
co.cask.cdap:cdap-common,,serialization
io.airlift:slice,,probyte
net.logstash.logback:logstash-logback-encoder,,lockfree
com.netflix.hystrix:hystrix-core,,lockfree
io.spray:spray-can_2.11,,lockfree
io.spray:spray-util,,lockfree
com.twitter:finagle-core_2.11,,lockfree
net.sourceforge.owlapi:owlapi-api,,lockfree&probyte
com.esotericsoftware:kryo,,serialization
com.googlecode.guava-osgi:guava-osgi,,probyte
io.spray:spray-util_2.10,,lockfree
net.sourceforge.owlapi:owlapi-apibinding,,lockfree&probyte
eu.stratosphere:stratosphere-core,,marshalling
org.codehaus.groovy:groovy-json,,finalfield
com.typesafe.akka:akka-actor_2.10.0-RC1,,lockfree
com.typesafe.akka:akka-actor_2.10.0-RC2,,lockfree
com.typesafe.akka:akka-actor_2.10.0-RC3,,lockfree
com.typesafe.akka:akka-actor_2.10.0-RC5,,lockfree
net.sourceforge.owlapi:owlapi-impl,,lockfree&probyte
org.multiverse:multiverse-core,,lockfree
com.typesafe.akka:akka-actor_2.11.0-M3,,lockfree
eu.stratosphere:stratosphere-runtime,,marshalling
io.spray:spray-can,,lockfree
org.codehaus.gpars:gpars,,lockfree
org.lwjgl.lwjgl:lwjgl,,probyte
com.google.appengine:appengine-api-labs,,lockfree
com.twitter:finagle-thrift_2.9.2,,
com.typesafe.akka:akka-actor_2.10.0-M7,,
org.lwjgl.lwjgl:lwjgl_util,,
org.wildfly:wildfly-security,,
io.spray:spray-can_2.10,,
com.twitter:finagle-thrift_2.10,,
net.sourceforge.owlapi:owlapi-distribution,,
org.apache.flink:flink-shaded,,
com.googlecode.disruptor:disruptor,,
com.vaadin.external.google:guava,,
io.gatling:gatling-core,,
org.apache.tajo:tajo-common,,
org.spark-project.akka:akka-actor_2.11,,
org.unitils:unitils-mock,,
io.gatling:jsr166e,,
org.apache.flink:flink-core,,
org.apache.servicemix.bundles:org.apache.servicemix.bundles.spring-core,,
org.glassfish.main.extras:glassfish-embedded-all,,
com.carrotsearch.randomizedtesting:junit4-ant,,
com.hazelcast:hazelcast-hibernate3,,
com.lexicalscope.fluent-reflection:fluent-reflection,,
com.netaporter.gatling:gatling-core,,
com.twitter:jsr166e,,
edu.berkeley.cs.shark:hive-exec,,
net.tribe7.seeds:seeds-primitives,,
org.robolectric:android-all,,
com.sandinh:spray-util,,
com.typesafe.akka:akka-actor_2.11.0-RC3,,
com.typesafe.akka:akka-actor_2.11.0-RC4,,
com.typesafe.play:play-ws_2.10,,
net.vidageek:mirror,,
org.apache.sirona:sirona-core,,
org.gridgain:gridgain-core,,monitor
org.immutables:value-standalone,,
org.modelmapper:modelmapper,,
org.sonatype.sisu:sisu-guava,,
com.github.molecule-labs:molecule-core_2.10,,
com.github.molecule-labs:molecule-core_2.9.3,,
com.sangupta:jerry-core,,
com.typesafe.akka:akka-actor_2.11.0-RC1,,
com.typesafe.play:play-ws_2.11,,
org.apache.activemq:activemq-osgi,,
org.apache.flink:flink-runtime,,
co.cask.cdap:hive-exec,,
co.cask.tigon:tigon-common,,
com.dyuproject.protostuff:protostuff-runtime,,
com.graphhopper:graphhopper,,
com.netflix.iep-shadow:iep-rxjava,,
de.ruedigermoeller:fst,,
net.openhft:lang,,class&throw
org.apache.geronimo.ext.openejb:openejb-core,,class
org.glassfish.extras:glassfish-embedded-all,,class
org.hbase:asynchbase,,
org.jetbrains.kotlin:kotlin-compiler,,
org.kitesdk:kite-hadoop-compatibility,,
org.openjdk.jmh:jmh-core,,
ai.h2o:h2o-core,,throw
co.cask.cdap:cdap-explore-jdbc,,
com.facebook.presto.hadoop:hadoop-cdh4,,
com.facebook.presto.hive:hive-apache,,
com.google.appengine:appengine-tools-sdk,,
com.mycila:mycila-guice,,
com.orientechnologies:orient-commons,,
com.sun.grizzly:grizzly-utils,,
com.twitter:finagle-thrift_2.11,,
jboss:jbossall-client,,
net.sf.ehcache.internal:ehcache-core,,
org.appdapter:ext.bundle.math.symja_jas,,
org.cogchar:ext.bundle.opengl.jmonkey,,
org.deephacks.vals:vals,,
org.jruby.extras:jffi,,
org.kevoree.modeling.idea:org.kevoree.modeling.idea.dsl,,
org.kitesdk:kite-data-core,,
org.scala-lang.virtualized:scala-library,,
co.paralleluniverse:quasar-core,,
com.facebook.hadoop:hadoop-core,,
com.facebook.hive:hive-dwrf-shims,,
com.goldmansachs:gs-collections,,
com.google.errorprone:error_prone_core,,
com.spotify:docker-client,,
io.prometheus:simpleclient,,
org.apache.avro:avro-tools,,
org.apache.bookkeeper:bookkeeper-server,,
org.apache.servicemix.bundles:org.apache.servicemix.bundles.elasticsearch,,
org.cogchar:org.cogchar.bundle.core,,
org.deephacks.cached:cached,,throw
org.eclipse.scalamodules:scalamodules-scala-library,,throw
org.glassfish.tyrus.ext:tyrus-monitoring-jmx,,
org.greencheek.related:related-domain,,
org.infinispan:infinispan-remote,,
org.metatype.sxc:sxc-core,,class
org.ops4j.pax.wicket:pax-wicket-service,,
org.pitest:pitest,,
org.robovm:robovm-rt,,
org.subscript-lang:scala-library,,
org.tomitribe:tomitribe-util,,
ai.h2o:h2o-algos,,
co.cask.cdap:cdap-cli,,
co.paralleluniverse:quasar-actors,,
com.addthis:basis,,
com.alibaba.citrus:citrus-webx-all,,
com.carrotsearch:java-sizeof,,
com.couchbase.client:core-io,,throw
com.github.fakemongo:fongo,,
com.google.appengine:appengine-remote-api,,
com.google.appengine:appengine-testing,,
com.sandinh:spray-can,,
com.seitenbau.testing:sb-junitrecorder-core,,throw
com.snappydb:snappydb-api,,
com.stratio.cassandra:cassandra-all,,
com.sun.grizzly:grizzly-cometd-webserver,,
com.thinkaurelius.thrift:thrift-server,,
com.typesafe.akka:akka-osgi_2.11.0-M3,,
io.kamon:kamon-core_2.10,,
io.kamon:kamon-core_2.11,,
net.openhft:chronicle,,
net.orfjackal.retrolambda:retrolambda,,
net.roboconf:roboconf-plugin-api,,
org.apache.storm:storm-core,,
org.avaje.ebeanorm:avaje-ebeanorm,,
org.batoo.jpa:batoo-common,,
org.bitbucket.mstrobel:procyon-core,,class
org.caffinitas.ohc:ohc-core,,
org.choco-solver:choco-solver,,
org.codehaus.jsr166-mirror:jsr166,,throw
org.codehaus:mvel,,
org.deephacks.lmdbjni:lmdbjni,,
org.deephacks:graphene-core,,
org.dspace.dependencies:dspace-perst,,
org.ehcache.modules:ehcache-impl,,
org.immutables:generate-tool,,
org.infinispan:infinispan-embedded,,
org.jboss.forge:forge-jboss-modules,,monitor
org.jboss.forge:jboss-modules,,monitor
org.kitesdk:kite-data-hbase,,
org.kitesdk:kite-data-hive,,
org.onosproject:onlab-thirdparty,,
org.onosproject:onos-of-api,,
org.sisioh:java-dddbase,,
org.xerial.larray:larray-buffer,,
org.xerial:larray-buffer,,
co.cask.cdap:cdap-flume,,
com.atlassian.clover:clover,,
com.chaschev:chutils,,throw
com.cloudbees:cloudbees-api-client-nodeps,,
com.eclipsesource.jaxrs:jersey-all,,
com.envoisolutions.sxc:sxc-jaxb,,
com.facebook.hiveio:hive-io-exp-core,,
com.facebook.jcommon:stats,,
com.facebook.presto:presto-jdbc,,
com.github.jasonruckman:sidney-core,,
com.github.jsimone:webapp-runner,,
com.googlecode.funcito:funcito,,
com.groupon.mysql:mysql-embed,,
com.higherfrequencytrading:chronicle,,
com.javax0:djcproxy,,
com.jolbox:bonecp-provider,,
com.netflix.numerus:numerus,,
com.networkbench.newlens.agent.android:nbs.newlens.class.rewriter,,
com.newrelic.agent.android:class-rewriter,,
com.nfsdb:nfsdb-core,,
com.nitorcreations:drm-core,,
com.sun.grizzly:grizzly-comet-webserver,,
com.sun.grizzly:grizzly-webserver,,
com.thinkaurelius.titan:titan-hbase,,
com.twitter:parquet-tools,,
com.typesafe.akka:akka-actor_2.11.0-M7,,
com.vaadin.external.gwt:gwt-dev,,
de.matrixweb.osgi.wrapped:osgi-wrapped-closure-compiler,,
de.ruedigermoeller:kontraktor,,
geronimo:geronimo-interop,,
io.fabric8.insight:insight-elasticsearch,,
io.janusproject.guava:guava,,
io.protostuff:protostuff-runtime,,
io.rainfall:rainfall-core,,
io.rtr.alchemy:alchemy-service,,
net.moetang:nekocore,,
net.openhft:chronicle-map,,throw
net.openhft:collections,,
net.openhft:koloboke-impl-jdk6-7,,
net.scattersphere:scattersphere-core,,throw
net.sf.grinder:grinder-core,,
net.sourceforge.owlapi:owlapi-parsers,,
net.tribe7.seeds:seeds-cache,,
net.vvakame:jsonpullparser-apt,,class
org.apache.geronimo.gshell:gshell-embeddable,,
org.apache.giraph:giraph-core,,
org.apache.jackrabbit:oak-tarmk-standby,,throw
org.apache.servicemix.bundles:org.apache.servicemix.bundles.avro,,
org.apache.yoko:yoko-rmi-impl,,
org.avaje.metric:avaje-metric-core,,
org.batoo.jpa:batoo-jpa,,
org.batoo.jpa:common,,
org.bitbucket.mstrobel:procyon-reflection,,class
org.bytedeco:javacv,,
org.caffinitas.mapper:caffinitas-mapper-core,,
org.caffinitas.ohc:ohc-core-j8,,
org.coconut.forkjoin:jsr166y,,throw
org.codehaus.jsr166-mirror:extra166y,,
org.deephacks.graphene:graphene-core,,
org.deephacks.tools4j:tools4j-config-provider-cached,,
org.deephacks.tools4j:tools4j-config-provider-hbase-filter,,
org.deephacks:confit-provider-cached,,
org.deephacks:confit-provider-hbase-filter,,
org.ehcache:ehcache,,
org.fabric3:fabric3-node,,
org.fusesource.fabric:tooling-jclouds-all,,
org.fusesource.insight:insight-elasticsearch,,class
org.glassfish.embedded:glassfish-embedded-all,,class
org.glassfish.extras:glassfish-embedded-web,,class
org.glassfish.jersey.bundles.repackaged:jersey-jsr166e,,
org.glassfish.main.extras:glassfish-embedded-web,,
org.graphchi:graphchi-java_2.10,,
org.graphchi:graphchi-java_2.11,,
org.infinispan:infinispan-embedded-query,,
org.jboss.arquillian.daemon:arquillian-daemon-main,,monitor
org.jboss.errai.io.netty:netty,,
org.jboss.weld.osgi:weld-osgi-core-mandatory,,
org.jctools:jctools-core,,
org.jogamp.jocl:jocl,,
org.jtestr:jruby-complete,,throw
org.jvnet.hudson:xstream,,
org.kitesdk:kite-data-mapreduce,,
org.metatype.sxc:sxc-jaxb,,
org.msgpack:msgpack-core,,
org.objenesis:objenesis-tck,,
org.openengsb.wrapped:jira-rest-java-client-core,,
org.ow2.jonas.assemblies:client-jar,,
org.parceler:parceler,,
org.powermock:powermock-classloading-objenesis,,
org.projectlombok:lombok.ast,,
org.resthub:hessian,,
org.rhq:rhq-scripting-python,,
org.scala-lang:scala-pickling_2.10,,
org.scala-lang:scala-pickling_2.11,,
org.spark-project:akka-actor,,monitor
org.sql2o:sql2o,,
org.wisdom-framework:akka-system,,
org.xerial.larray:larray-mmap,,largearrays
org.xerial:larray-mmap,,largearrays
pl.edu.icm:JLargeArrays,,monitor&largearrays
uk.co.real-logic:Agrona,,
ai.h2o:h2o-classic,,throw
be.unamur.info:yami-tool,,
biz.paluch.redis:lettuce-shaded,,throw
cc.concurrent:mango,,
ch.ethz.inf.vs:cf-plugtest-checker,,
ch.ethz.inf.vs:cf-proxy,,
ch.ledcom.tomcat.valves:tomcat-valves,,
ch.softappeal.yass:yass,,
ch.softappeal.yass:yass-jdk1.6,,
ch.softappeal.yass:yass-jdk1.7,,
co.paralleluniverse:comsat-jetty-loader,,
co.paralleluniverse:comsat-tomcat-loader,,
co.paralleluniverse:galaxy,,
co.paralleluniverse:quasar,,
com.aceevo:ursus-example-application,,
com.aceevo:ursus-example-http-client,,
com.aceevo:ursus-example-jersey-client,,
com.aceevo:ursus-example-nio-application,,
com.aceevo:ursus-example-nio-client,,
com.aceevo:ursus-example-rest-application,,
com.aceevo:ursus-example-websocket-client,,
com.alexkasko.unsafe:unsafe-tools,,
com.almende.eve:eve-bundle-android-ws,,
com.almende.eve:eve-bundle-full,,
com.almende.eve:eve-bundle-full-embed,,
com.aol.simplereact:simple-react,,throw
com.bah.lucene:lucene-hdfs-directory,,
com.barchart.wrap:barchart-wrap-elasticsearch-all,,class&throw
com.bazaarvoice.auth:jersey-hmac-auth-cli,,
com.bazaarvoice.auth:jersey-hmac-auth-sample,,
com.bazaarvoice.ostrich.examples.calculator:calculator-service,,
com.bazaarvoice.ostrich.examples.calculator:calculator-user,,
com.bazaarvoice.ostrich.examples.dictionary:dictionary-service,,
com.bazaarvoice.ostrich.examples.dictionary:dictionary-user,,
com.bryghts.kissjson:kissjson_2.10,,
com.carma:swagger-doclet-sample-dropwizard,,
com.cetsoft:imcache,,
com.cloudbees.util:jnr-unixsocket-nodep,,
com.dyuproject.protostuff:protostuff-uberjar,,
com.elastisys.scale:cloudadapters.aws.autoscaling,,
com.elastisys.scale:cloudadapters.aws.ec2,,
com.elastisys.scale:cloudadapters.openstack,,
com.elastisys.scale:cloudadapters.splitter,,
com.elastisys.scale:commons.logreplayer,,
com.esotericsoftware:kryo-shaded,,
com.etsy:statsd-jvm-profiler,,
com.facebook.nifty:nifty-load-tester,,
com.facebook.presto.hadoop:hadoop-apache2,,
com.facebook.swift:swift-load-generator,,
com.fasterxml.transistore:transistore-server,,
com.fitbur.external:external-guava,,
com.frightanic:open-data-smn,,throw
com.ge.snowizard:snowizard-application,,
com.ge.snowizard:snowizard-service,,
com.getpebble:pebblekit,,
com.github.alaisi.nalloc:nalloc,,
com.github.chrisvest:stormpot,,
com.github.indykish:megam_common_2.10,,
com.github.jknack:amd4j-tool,,
com.github.jknack:handlebars-proto,,
com.github.kmbulebu.nicknack:dsc-it100-provider,,
com.github.kmbulebu.nicknack:pushover-provider,,
com.github.livesense:org.liveSense.framework.gwt,,
com.github.mkolisnyk:sirius-maven-plugin,,
com.github.pabloo99.xmlsoccer:xmlsoccer,,
com.github.sakserv:hadoop-mini-clusters,,throw
com.github.scala-blitz:scala-blitz_2.10,,
com.github.scala-blitz:scala-blitz_2.11,,
com.github.scala-blitz:scala-blitz_2.11.0-M7,,
com.github.staslev:storm-metrics-reporter,,
com.github.stephenc.high-scale-lib:java_util_concurrent_chm,,
com.github.stephenc.high-scale-lib:java_util_hashtable,,
com.github.subchen:jetbrick-all,,class&throw
com.github.ubehebe:bxt,,
com.github.vijay2win:lruc,,
com.google.errorprone:error_prone_ant,,
com.google.gerrit:gerrit-plugin-api,,
com.graphaware.neo4j:graphaware-framework-embedded,,
com.graphaware.neo4j:graphaware-framework-server-community,,
com.graphaware.neo4j:graphaware-framework-server-enterprise,,
com.hazelcast:hazelcast-hibernate4,,
com.higherfrequencytrading:affinity,,
com.hubspot:BaragonAgentService,,
com.hubspot:BaragonService,,
com.hypnoticocelot:jaxrs-doclet,,
com.hypnoticocelot:jaxrs-doclet-sample-dropwizard,,
com.indeed:util-mmap,,
com.labs64.netlicensing:netlicensing-client-demo,,
com.librato.watchconf:watchconf-util,,
com.madgag:bfg,,
com.meltmedia.cadmium:cadmium-cli,,
com.mgmtp.perfload:perfload-agent,,
com.newrelic.agent.java:newrelic-agent,,
com.nfsdb:nfsdb-thrift,,
com.ning.billing:killbill-osgi-bundles-analytics,,
com.ning.billing:killbill-osgi-bundles-jruby,,
com.ning:lzf4hadoop,,
com.noctarius.bz2java:bz2java,,
com.orange.redis-protocol:netty4-server,,throw
com.ovea.tajin.framework:tajin-framework-all,,
com.ovea.tajin:tajin-all,,class
com.ovea:jetty-session-redis,,
com.payneteasy:mysql-scheduler,,
com.qmetric:hal-feed-server,,
com.savoirtech:cassandra-all,,
com.sematext:solr-redis,,
com.senseidb:compressor,,
com.sharethis:mongomigration,,
com.softwaremill.macwire:runtime_2.10,,
com.softwaremill.macwire:runtime_2.11,,
com.softwaremill.macwire:scopes_2.10,,
com.sonatype.clm:clm-maven-plugin,,
com.sonatype.insight:ahc,,
com.storm-enroute:reactive-collections_2.10,,
com.storm-enroute:reactive-collections_2.11,,
com.storm-enroute:reactress_2.10,,
com.sun.corba:glassfish-corba-peorb,,throw
com.sun.grizzly.osgi:grizzly-httpservice-bundle,,
com.sun.grizzly.samples:grizzly-embed-samples,,
com.sun.grizzly.samples:grizzly-multiple-adapter,,
com.sun.grizzly:grizzly-http-servlet-deployer,,
com.sun.grizzly:grizzly-hudson,,
com.sun.grizzly:grizzly-nio-framework,,
com.sun.tools.btrace:btrace-agent,,
com.sun.tools.btrace:btrace-boot,,class
com.sun.tools.btrace:btrace-client,,class
com.timgroup:jgravatar,,
com.tocea.scertify.maven:maven-scertify-plugin,,
com.typesafe.akka:akka-actor_2.11.0-M4,,
com.typesafe.akka:akka-actor_2.11.0-M5,,
com.typesafe.akka:akka-actor_2.11.0-M8,,
com.unister.semweb:DRUMS,,
com.vaadin.external.gwt:gwt-servlet,,
com.vaadin:vaadin-shared-deps,,
com.vinumeris:updatefx-app,,
com.vinumeris:updatefx-examples,,
com.vityuk:ginger-core,,
com.weiglewilczek.scala-lang-osgi:scala-library,,throw
com.weiglewilczek.scala-lang-osgi:scala-library_2.8.0.RC3,,throw
com.weiglewilczek.scala-lang-osgi:scala-library_2.8.0.RC4,,throw
com.weiglewilczek.scala-lang-osgi:scala-library_2.8.0.RC5,,throw
com.wizzardo.tools:tools,,
com.wordnik:swagger-java-dropwizard-sample-app_2.10,,throw
com.wordnik:swagger-java-dropwizard-sample-app_2.10.0,,throw
com.wordnik:swagger-java-dropwizard-sample-app_2.9.1,,throw
com.yammer.backups:backups-service,,
com.yammer.breakerbox:breakerbox-service,,
com.yammer.telemetry:telemetry-example,,
com.yammer.telemetry:telemetry-service,,
com.zaxxer:nuprocess,,
com.zulily.dropship:dropship,,
de.eleon:console-builder-example,,
de.greenrobot:java-common,,
de.matrixweb.smaller:ant-standalone,,
de.matrixweb.smaller:servlet,,
de.matrixweb.smaller:smaller-dev-server,,
de.matrixweb.smaller:standalone,,
de.sfb876:fact-tools,,
edu.washington.cs.types.checker:checker-annotated-jdk7,,throw
edu.washington.cs.types.checker:checker-annotated-jdk8,,throw
edu.washington.cs.types.checker:checker-annotated-openjdk7,,throw
es.ehu.si.ixa:ixa-pipe-nerc,,
es.ehu.si.ixa:ixa-pipe-pos,,
es.ehu.si.ixa:ixa-pipe-tok,,
es.usc.citius.hipster:hipster-all,,
eu.agrosense.apps:launcher,,throw
guru.nidi.raml:raml-tester-proxy,,
hm.binkley:binkley-util,,throw
io.fabric8.insight:insight-rhq-metrics,,
io.fabric8:apmagent-project,,
io.fabric8:fabric-client,,
io.fabric8:fabric8-apm,,
io.fabric8:tooling-fabric-all,,
io.github.rmuhamedgaliev.yams:YAMS,,
io.joynr.java.messaging.bounceproxy:bounceproxy-standalone,,
io.protostuff:protostuff-uberjar,,
io.restx:restx-annotation-processors-package,,
io.searchbox:jest-droid,,
io.skullabs.trip:sample,,
io.undertow:undertow-examples,,
jp.co.worksap.oss:findbugs-plugin,,
jp.co.worksap.workspace:hideyoshi-cli,,
jp.skypencil.findbugs.slf4j:bug-pattern,,
me.cmoz.grizzly:grizzly-blink,,
net.bytebuddy:byte-buddy-benchmark,,
net.dongliu.cache:direct-cache,,
net.dongliu:direct-cache,,throw
net.magik6k:bitbuffer,,
net.maritimecloud.mms:mc-mms-server,,
net.maritimecloud.mms:mc-mms-server-standalone,,
net.openhft:hftc-impl-jdk6-7,,
net.openhft:hftc-impl-jdk8,,
net.openhft:koloboke-impl-jdk8,,
net.openhft:zero-allocation-hashing,,
net.oschina.j2cache:j2cache,,
net.roboconf:roboconf-iaas-docker,,
net.roboconf:roboconf-target-docker,,
net.scattersphere:scattersphere-cli,,throw
net.sf.sociaal:lwjgl,,
net.sf.sparql-query-bm:cmd,,
net.sourceforge.owlapi:owlapi-compatibility,,
net.sourceforge.owlapi:owlapi-contract,,
net.sourceforge.owlapi:owlapi-fixers,,
net.sourceforge.owlapi:owlapi-oboformat,,
net.sourceforge.owlapi:owlapi-osgidistribution,,
net.sourceforge.owlapi:owlapi-rio,,
net.sourceforge.owlapi:owlapi-tools,,
net.sourceforge.streamsupport:streamsupport,,
net.sourceforge.web-harvest:webharvest-ide,,
net.virtual-void:futures-backport_2.9.2,,
net.vvakame:blazdb-apt,,class
net.wetheinter:xapi-dev,,
nl.grons:sentries_2.10,,
nl.grons:sentries_2.11,,
nl.grons:sentries_2.9.1,,
nl.grons:sentries_2.9.1-1,,
nl.grons:sentries_2.9.2,,
nl.grons:sentries_2.9.3,,
openejb:xstream-PATCH,,
org.androidtransfuse:transfuse,,
org.apache-extras.camel-extra:camel-example-rcode,,
org.apache.bigtop.itest:fat-smoke,,throw
org.apache.curator:curator-x-rpc,,
org.apache.isis.viewer:dnd-tck,,
org.apache.isis.viewer:html-tck,,
org.apache.jackrabbit:oak-run,,throw
org.apache.jackrabbit:oak-tarmk-failover,,throw
org.apache.marmotta:marmotta-loader-berkeley,,
org.apache.marmotta:marmotta-loader-hbase,,
org.apache.marmotta:marmotta-loader-kiwi,,
org.apache.servicemix.bundles:org.apache.servicemix.bundles.drools,,class
org.apache.servicemix.bundles:org.apache.servicemix.bundles.gae,,
org.apache.servicemix.bundles:org.apache.servicemix.bundles.guava,,
org.apache.servicemix.bundles:org.apache.servicemix.bundles.gwt-dev,,
org.apache.servicemix.bundles:org.apache.servicemix.bundles.gwt-servlet,,
org.apache.servicemix.bundles:org.apache.servicemix.bundles.gwt-user,,
org.apache.servicemix.bundles:org.apache.servicemix.bundles.hadoop-client,,
org.apache.servicemix.bundles:org.apache.servicemix.bundles.hbase,,
org.apache.servicemix.bundles:org.apache.servicemix.bundles.hystrix,,
org.apache.servicemix.bundles:org.apache.servicemix.bundles.jruby,,throw
org.apache.servicemix.bundles:org.apache.servicemix.bundles.mvel,,class
org.apache.servicemix.bundles:org.apache.servicemix.bundles.neo4j,,throw
org.apache.servicemix.bundles:org.apache.servicemix.bundles.scala-library,,
org.apache.servicemix.bundles:org.apache.servicemix.bundles.xstream-1.2.2,,
org.apache.shindig:shindig-uber,,
org.apache.sling:org.apache.sling.extensions.gwt.servlet,,
org.apache.stanbol:org.apache.stanbol.entityhub.indexing.dblp,,
org.apache.stanbol:org.apache.stanbol.entityhub.indexing.dbpedia,,
org.apache.stanbol:org.apache.stanbol.entityhub.indexing.freebase,,
org.apache.stanbol:org.apache.stanbol.entityhub.indexing.genericrdf,,
org.apache.stanbol:org.apache.stanbol.entityhub.indexing.geonames,,
org.asciidoctor:asciidoctor-ant,,
org.atmosphere.samples:atmosphere-spade-chat,,
org.atmosphere:atmosphere-spade-server,,
org.axway.grapes:grapes-server,,
org.batoo.common:batoo-common,,
org.brutusin:json-codec-jackson,,
org.codehaus.cake.forkjoin:cake-forkjoin,,throw
org.codehaus.cake.internal:cake-forkjoin,,throw
org.codehaus.mvel:mvel,,
org.codehaus.sonar-plugins.css:sslr-css-toolkit,,
org.codehaus.sonar-plugins.dotnet.csharp:sslr-csharp-toolkit,,
org.codehaus.sonar-plugins.erlang:sslr-erlang-toolkit,,
org.codehaus.sonar-plugins.flex:sslr-flex-toolkit,,
org.codehaus.sonar-plugins.java:sslr-java-toolkit,,
org.codehaus.sonar-plugins.javascript:sslr-javascript-toolkit,,
org.codehaus.sonar-plugins.php:sslr-php-toolkit,,
org.codehaus.sonar-plugins.python:sslr-python-toolkit,,
org.codehaus.sonar-plugins.xml:sslr-xml-toolkit,,
org.codehaus.sonar-plugins:sonar-ant-task,,
org.commonjava.freeki:freeki-vertx-server,,throw
org.eclipse.californium:cf-plugtest-checker,,
org.eclipse.californium:cf-proxy,,
org.ehcache:sizeof,,
org.esigate:esigate-server,,
org.fcrepo.camel:fcrepo-camel,,
org.finra.datagenerator:DataGenerator,,
org.friendularity:org.friendularity.model.test,,
org.fusesource.fabric.bridge:stream-log,,
org.glassfish.extras:glassfish-embedded-nucleus,,class
org.glassfish.main.extras:glassfish-embedded-nucleus,,
org.glassfish.tyrus.bundles:tyrus-standalone-client,,
org.glassfish.tyrus.ext:tyrus-client-cli,,
org.graphwalker:graphwalker,,
org.graphwalker:graphwalker-cli,,
org.graylog2:graylog2,,throw
org.graylog2:graylog2-bootstrap,,throw
org.gridgain:gridgain-datagrid,,monitor
org.gridgain:gridgain-hadoop1,,monitor
org.gridgain:gridgain-hadoop1-integration,,
org.gridgain:gridgain-hadoop2,,monitor
org.gridgain:gridgain-hadoop2-integration,,
org.gridgain:gridgain-hpc,,monitor
org.gridgain:gridgain-platform,,monitor
org.gridgain:gridgain-streaming,,monitor
org.infinispan:infinispan-cachestore-mongodb,,
org.infinispan:infinispan-cli,,
org.jadira.cloning:cloning,,
org.jadira.reflection.cloning:cloning,,
org.jboss.errai.io.netty:netty-common,,throw
org.jboss.spec:jboss-javaee-all-6.0,,throw
org.jcoffee:elasticsearch-orm,,
org.jcoffee:serialization-unsafe,,
org.jfaster:mango,,
org.jogamp.jocl:jocl-android,,
org.jpmml:bundle,,
org.kaazing:nuklei-core,,
org.kevoree.modeling:org.kevoree.modeling.generator.standalone,,
org.kevoree.modeling:org.kevoree.modeling.kotlin.standalone,,
org.kevoree.tools:org.kevoree.tools.ui.editor.standalone,,throw
org.kie:kie-ci-osgi,,
org.kill-bill.billing.plugin.java:accertify-plugin,,
org.kill-bill.billing.plugin.java:adyen-plugin,,
org.kill-bill.billing.plugin.java:analytics-plugin,,
org.kill-bill.billing.plugin.java:forte-plugin,,
org.kill-bill.billing:killbill-osgi-bundles-jruby,,
org.kill-bill.billing:killbill-platform-osgi-bundles-jruby,,
org.kitesdk:kite-data-crunch,,
org.liquigraph:liquigraph-cli,,
org.mapdb:mapdb-unsafe,,
org.mapfish.print:print-standalone,,
org.mk300:minimum-marshaller,,
org.multiverse:multiverse-beta,,
org.multiverse:multiverse-performance-tool,,
org.netmelody.menodora:menodora,,
org.nightcode:bertool,,
org.nosceon.natrolite:natrolite,,
org.ocpsoft.redoculous:redoculous-embedded,,throw
org.onosproject:onos-app-oecfg,objenesis,serialization&lockfree&probyte
org.openengsb.wrapped:com.google.guava-all,UnsignedBytes,probyte
org.openengsb.wrapped:org.apache.wicket-all,ClassStreamHandler,serialization&finalfield
org.ops4j.pax.tipi:org.ops4j.pax.tipi.undertow.core,FastConsurrentDirectQueue,lockfree
org.osiam:connector4java,Striped64,lockfree
org.ow2.bundles:ow2-bundles-externals-weld,UnsignedBytes,probyte
org.ow2.util.bundles:weld-1.1.10.Final,UnsignedBytes,probyte
org.safehaus.jettyjam:https,UnsignedBytes,probyte
org.scala-lang.modules:scala-pickling_2.10,Fast compile time serialization,serialization
org.scala-lang.modules:scala-pickling_2.11,Fast compile time serialization,serialization
org.securegraph:securegraph-inmemory,FastByteComparison,probyte
org.skfiy:skfiy-utils,FJ,lockfree
org.smallmind:smallmind-websocket,FJ,lockfree&throw
org.storychat:org.storychat.bundle.glulx,FJ,lockfree
org.testatoo.container:testatoo-container-grizzly,ConcurrentLinkedQueue,lockfree
org.voltdb:voltdbclient,Uses Striped64 & jsr166 & UnsignedBytes,lockfree&probyte
org.wildfly.build:wildfly-server-provisioning-standalone,Uses UnsignedBytes,probyte
org.wildfly:wildfly-client-all,Managed application runtime. Uses FJ & Striped64. PlatformDependent0 is a wrapper,lockfree&throw
org.wildfly:wildfly-mod_cluster-undertow,Uses Striped64,lockfree
org.wisdom-framework:wisdom-orientdb-object,Document and Graph DBMSs using Snappy for fast compression/decompression. UnsafeMemory is a wrapper class in Snappy,probyte
org.xerial.larray:larray,Implements large arrays for Java/Scala,largearrays
org.xerial:jnuma,Wrapper allocateMemoty and freeMemory,largearrays
org.xerial:larray,Implements Large arrays for Java/Scala,largearrays
uk.co.boundedbuffer:low-latency-primitive-concurrent-queues,Implements AbstractBlockingQueue but no CAS method only putOrderedInt where is the sync?,
uk.co.real-logic:sbe,DirectBuffer is a wrapper class of ByteBuffer/byte[] array,
