className, methodName, methodDesc, owner, name, desc
akka/actor/AbstractActorRef, <clinit>, ()V, sun/misc/Unsafe, objectFieldOffset, (Ljava/lang/reflect/Field;)J
akka/actor/AbstractActorRef, <clinit>, ()V, sun/misc/Unsafe, objectFieldOffset, (Ljava/lang/reflect/Field;)J
akka/actor/RepointableActorRef, underlying, ()Lakka/actor/Cell;, sun/misc/Unsafe, getObjectVolatile, (Ljava/lang/Object;J)Ljava/lang/Object;
akka/actor/RepointableActorRef, lookup, ()Lakka/actor/Cell;, sun/misc/Unsafe, getObjectVolatile, (Ljava/lang/Object;J)Ljava/lang/Object;
akka/actor/RepointableActorRef, swapCell, (Lakka/actor/Cell;)Lakka/actor/Cell;, sun/misc/Unsafe, compareAndSwapObject, (Ljava/lang/Object;JLjava/lang/Object;Ljava/lang/Object;)Z
akka/actor/RepointableActorRef, swapLookup, (Lakka/actor/Cell;)Lakka/actor/Cell;, sun/misc/Unsafe, compareAndSwapObject, (Ljava/lang/Object;JLjava/lang/Object;Ljava/lang/Object;)Z
akka/actor/dungeon/AbstractActorCell, <clinit>, ()V, sun/misc/Unsafe, objectFieldOffset, (Ljava/lang/reflect/Field;)J
akka/actor/dungeon/AbstractActorCell, <clinit>, ()V, sun/misc/Unsafe, objectFieldOffset, (Ljava/lang/reflect/Field;)J
akka/actor/dungeon/AbstractActorCell, <clinit>, ()V, sun/misc/Unsafe, objectFieldOffset, (Ljava/lang/reflect/Field;)J
akka/actor/dungeon/Children$class, childrenRefs, (Lakka/actor/ActorCell;)Lakka/actor/dungeon/ChildrenContainer;, sun/misc/Unsafe, getObjectVolatile, (Ljava/lang/Object;J)Ljava/lang/Object;
akka/actor/dungeon/Children$class, swapChildrenRefs, (Lakka/actor/ActorCell;Lakka/actor/dungeon/ChildrenContainer;Lakka/actor/dungeon/ChildrenContainer;)Z, sun/misc/Unsafe, compareAndSwapObject, (Ljava/lang/Object;JLjava/lang/Object;Ljava/lang/Object;)Z
akka/actor/dungeon/Children$class, setTerminated, (Lakka/actor/ActorCell;)V, sun/misc/Unsafe, putObjectVolatile, (Ljava/lang/Object;JLjava/lang/Object;)V
akka/actor/dungeon/Children$class, inc$1, (Lakka/actor/ActorCell;)J, sun/misc/Unsafe, getLongVolatile, (Ljava/lang/Object;J)J
akka/actor/dungeon/Children$class, inc$1, (Lakka/actor/ActorCell;)J, sun/misc/Unsafe, compareAndSwapLong, (Ljava/lang/Object;JJJ)Z
akka/actor/dungeon/Dispatch$class, mailbox, (Lakka/actor/ActorCell;)Lakka/dispatch/Mailbox;, sun/misc/Unsafe, getObjectVolatile, (Ljava/lang/Object;J)Ljava/lang/Object;
akka/actor/dungeon/Dispatch$class, swapMailbox, (Lakka/actor/ActorCell;Lakka/dispatch/Mailbox;)Lakka/dispatch/Mailbox;, sun/misc/Unsafe, compareAndSwapObject, (Ljava/lang/Object;JLjava/lang/Object;Ljava/lang/Object;)Z
akka/dispatch/AbstractMailbox, <clinit>, ()V, sun/misc/Unsafe, objectFieldOffset, (Ljava/lang/reflect/Field;)J
akka/dispatch/AbstractMailbox, <clinit>, ()V, sun/misc/Unsafe, objectFieldOffset, (Ljava/lang/reflect/Field;)J
akka/dispatch/AbstractMessageDispatcher, <clinit>, ()V, sun/misc/Unsafe, objectFieldOffset, (Ljava/lang/reflect/Field;)J
akka/dispatch/AbstractMessageDispatcher, <clinit>, ()V, sun/misc/Unsafe, objectFieldOffset, (Ljava/lang/reflect/Field;)J
akka/dispatch/Mailbox, status, ()I, sun/misc/Unsafe, getIntVolatile, (Ljava/lang/Object;J)I
akka/dispatch/Mailbox, updateStatus, (II)Z, sun/misc/Unsafe, compareAndSwapInt, (Ljava/lang/Object;JII)Z
akka/dispatch/Mailbox, setStatus, (I)V, sun/misc/Unsafe, putIntVolatile, (Ljava/lang/Object;JI)V
akka/dispatch/Mailbox, systemQueueGet, ()Lakka/dispatch/SystemMessage;, sun/misc/Unsafe, getObjectVolatile, (Ljava/lang/Object;J)Ljava/lang/Object;
akka/dispatch/Mailbox, systemQueuePut, (Lakka/dispatch/SystemMessage;Lakka/dispatch/SystemMessage;)Z, sun/misc/Unsafe, compareAndSwapObject, (Ljava/lang/Object;JLjava/lang/Object;Ljava/lang/Object;)Z
akka/dispatch/MessageDispatcher, akka$dispatch$MessageDispatcher$$addInhabitants, (J)J, sun/misc/Unsafe, compareAndSwapLong, (Ljava/lang/Object;JJJ)Z
akka/dispatch/MessageDispatcher, inhabitants, ()J, sun/misc/Unsafe, getLongVolatile, (Ljava/lang/Object;J)J
akka/dispatch/MessageDispatcher, akka$dispatch$MessageDispatcher$$shutdownSchedule, ()I, sun/misc/Unsafe, getIntVolatile, (Ljava/lang/Object;J)I
akka/dispatch/MessageDispatcher, akka$dispatch$MessageDispatcher$$updateShutdownSchedule, (II)Z, sun/misc/Unsafe, compareAndSwapInt, (Ljava/lang/Object;JII)Z
akka/pattern/AbstractCircuitBreaker, <clinit>, ()V, sun/misc/Unsafe, objectFieldOffset, (Ljava/lang/reflect/Field;)J
akka/pattern/AbstractPromiseActorRef, <clinit>, ()V, sun/misc/Unsafe, objectFieldOffset, (Ljava/lang/reflect/Field;)J
akka/pattern/AbstractPromiseActorRef, <clinit>, ()V, sun/misc/Unsafe, objectFieldOffset, (Ljava/lang/reflect/Field;)J
akka/pattern/CircuitBreaker, swapState, (Lakka/pattern/CircuitBreaker$State;Lakka/pattern/CircuitBreaker$State;)Z, sun/misc/Unsafe, compareAndSwapObject, (Ljava/lang/Object;JLjava/lang/Object;Ljava/lang/Object;)Z
akka/pattern/CircuitBreaker, currentState, ()Lakka/pattern/CircuitBreaker$State;, sun/misc/Unsafe, getObjectVolatile, (Ljava/lang/Object;J)Ljava/lang/Object;
akka/pattern/PromiseActorRef, watchedBy, ()Lscala/collection/immutable/Set;, sun/misc/Unsafe, getObjectVolatile, (Ljava/lang/Object;J)Ljava/lang/Object;
akka/pattern/PromiseActorRef, updateWatchedBy, (Lscala/collection/immutable/Set;Lscala/collection/immutable/Set;)Z, sun/misc/Unsafe, compareAndSwapObject, (Ljava/lang/Object;JLjava/lang/Object;Ljava/lang/Object;)Z
akka/pattern/PromiseActorRef, state, ()Ljava/lang/Object;, sun/misc/Unsafe, getObjectVolatile, (Ljava/lang/Object;J)Ljava/lang/Object;
akka/pattern/PromiseActorRef, updateState, (Ljava/lang/Object;Ljava/lang/Object;)Z, sun/misc/Unsafe, compareAndSwapObject, (Ljava/lang/Object;JLjava/lang/Object;Ljava/lang/Object;)Z
akka/pattern/PromiseActorRef, setState, (Ljava/lang/Object;)V, sun/misc/Unsafe, putObjectVolatile, (Ljava/lang/Object;JLjava/lang/Object;)V
akka/util/internal/HashedWheelTimer$HashedWheelTimeout, state, ()I, sun/misc/Unsafe, getIntVolatile, (Ljava/lang/Object;J)I
akka/util/internal/HashedWheelTimer$HashedWheelTimeout, updateState, (II)Z, sun/misc/Unsafe, compareAndSwapInt, (Ljava/lang/Object;JII)Z
akka/util/internal/HashedWheelTimer$HashedWheelTimeout, <clinit>, ()V, sun/misc/Unsafe, objectFieldOffset, (Ljava/lang/reflect/Field;)J
akka/actor/AbstractActorRef, <clinit>, ()V, sun/misc/Unsafe, objectFieldOffset, (Ljava/lang/reflect/Field;)J
akka/actor/RepointableActorRef, underlying, ()Lakka/actor/Cell;, sun/misc/Unsafe, getObjectVolatile, (Ljava/lang/Object;J)Ljava/lang/Object;
akka/actor/RepointableActorRef, swapCell, (Lakka/actor/Cell;)Lakka/actor/Cell;, sun/misc/Unsafe, compareAndSwapObject, (Ljava/lang/Object;JLjava/lang/Object;Ljava/lang/Object;)Z
akka/actor/dungeon/AbstractActorCell, <clinit>, ()V, sun/misc/Unsafe, objectFieldOffset, (Ljava/lang/reflect/Field;)J
akka/actor/dungeon/AbstractActorCell, <clinit>, ()V, sun/misc/Unsafe, objectFieldOffset, (Ljava/lang/reflect/Field;)J
akka/actor/dungeon/AbstractActorCell, <clinit>, ()V, sun/misc/Unsafe, objectFieldOffset, (Ljava/lang/reflect/Field;)J
akka/actor/dungeon/Children$class, childrenRefs, (Lakka/actor/ActorCell;)Lakka/actor/dungeon/ChildrenContainer;, sun/misc/Unsafe, getObjectVolatile, (Ljava/lang/Object;J)Ljava/lang/Object;
akka/actor/dungeon/Children$class, swapChildrenRefs, (Lakka/actor/ActorCell;Lakka/actor/dungeon/ChildrenContainer;Lakka/actor/dungeon/ChildrenContainer;)Z, sun/misc/Unsafe, compareAndSwapObject, (Ljava/lang/Object;JLjava/lang/Object;Ljava/lang/Object;)Z
akka/actor/dungeon/Children$class, setTerminated, (Lakka/actor/ActorCell;)V, sun/misc/Unsafe, putObjectVolatile, (Ljava/lang/Object;JLjava/lang/Object;)V
akka/actor/dungeon/Children$class, inc$1, (Lakka/actor/ActorCell;)J, sun/misc/Unsafe, getLongVolatile, (Ljava/lang/Object;J)J
akka/actor/dungeon/Children$class, inc$1, (Lakka/actor/ActorCell;)J, sun/misc/Unsafe, compareAndSwapLong, (Ljava/lang/Object;JJJ)Z
akka/actor/dungeon/Dispatch$class, mailbox, (Lakka/actor/ActorCell;)Lakka/dispatch/Mailbox;, sun/misc/Unsafe, getObjectVolatile, (Ljava/lang/Object;J)Ljava/lang/Object;
akka/actor/dungeon/Dispatch$class, swapMailbox, (Lakka/actor/ActorCell;Lakka/dispatch/Mailbox;)Lakka/dispatch/Mailbox;, sun/misc/Unsafe, compareAndSwapObject, (Ljava/lang/Object;JLjava/lang/Object;Ljava/lang/Object;)Z
akka/dispatch/AbstractMailbox, <clinit>, ()V, sun/misc/Unsafe, objectFieldOffset, (Ljava/lang/reflect/Field;)J
akka/dispatch/AbstractMailbox, <clinit>, ()V, sun/misc/Unsafe, objectFieldOffset, (Ljava/lang/reflect/Field;)J
akka/dispatch/AbstractMessageDispatcher, <clinit>, ()V, sun/misc/Unsafe, objectFieldOffset, (Ljava/lang/reflect/Field;)J
akka/dispatch/AbstractMessageDispatcher, <clinit>, ()V, sun/misc/Unsafe, objectFieldOffset, (Ljava/lang/reflect/Field;)J
akka/dispatch/Mailbox, status, ()I, sun/misc/Unsafe, getIntVolatile, (Ljava/lang/Object;J)I
akka/dispatch/Mailbox, updateStatus, (II)Z, sun/misc/Unsafe, compareAndSwapInt, (Ljava/lang/Object;JII)Z
akka/dispatch/Mailbox, setStatus, (I)V, sun/misc/Unsafe, putIntVolatile, (Ljava/lang/Object;JI)V
akka/dispatch/Mailbox, systemQueueGet, ()Lakka/dispatch/SystemMessage;, sun/misc/Unsafe, getObjectVolatile, (Ljava/lang/Object;J)Ljava/lang/Object;
akka/dispatch/Mailbox, systemQueuePut, (Lakka/dispatch/SystemMessage;Lakka/dispatch/SystemMessage;)Z, sun/misc/Unsafe, compareAndSwapObject, (Ljava/lang/Object;JLjava/lang/Object;Ljava/lang/Object;)Z
akka/dispatch/MessageDispatcher, akka$dispatch$MessageDispatcher$$addInhabitants, (J)J, sun/misc/Unsafe, compareAndSwapLong, (Ljava/lang/Object;JJJ)Z
akka/dispatch/MessageDispatcher, inhabitants, ()J, sun/misc/Unsafe, getLongVolatile, (Ljava/lang/Object;J)J
akka/dispatch/MessageDispatcher, akka$dispatch$MessageDispatcher$$shutdownSchedule, ()I, sun/misc/Unsafe, getIntVolatile, (Ljava/lang/Object;J)I
akka/dispatch/MessageDispatcher, akka$dispatch$MessageDispatcher$$updateShutdownSchedule, (II)Z, sun/misc/Unsafe, compareAndSwapInt, (Ljava/lang/Object;JII)Z
akka/pattern/AbstractCircuitBreaker, <clinit>, ()V, sun/misc/Unsafe, objectFieldOffset, (Ljava/lang/reflect/Field;)J
akka/pattern/AbstractPromiseActorRef, <clinit>, ()V, sun/misc/Unsafe, objectFieldOffset, (Ljava/lang/reflect/Field;)J
akka/pattern/AbstractPromiseActorRef, <clinit>, ()V, sun/misc/Unsafe, objectFieldOffset, (Ljava/lang/reflect/Field;)J
akka/pattern/CircuitBreaker, swapState, (Lakka/pattern/CircuitBreaker$State;Lakka/pattern/CircuitBreaker$State;)Z, sun/misc/Unsafe, compareAndSwapObject, (Ljava/lang/Object;JLjava/lang/Object;Ljava/lang/Object;)Z
akka/pattern/CircuitBreaker, currentState, ()Lakka/pattern/CircuitBreaker$State;, sun/misc/Unsafe, getObjectVolatile, (Ljava/lang/Object;J)Ljava/lang/Object;
akka/pattern/PromiseActorRef, watchedBy, ()Lscala/collection/immutable/Set;, sun/misc/Unsafe, getObjectVolatile, (Ljava/lang/Object;J)Ljava/lang/Object;
akka/pattern/PromiseActorRef, updateWatchedBy, (Lscala/collection/immutable/Set;Lscala/collection/immutable/Set;)Z, sun/misc/Unsafe, compareAndSwapObject, (Ljava/lang/Object;JLjava/lang/Object;Ljava/lang/Object;)Z
akka/pattern/PromiseActorRef, state, ()Ljava/lang/Object;, sun/misc/Unsafe, getObjectVolatile, (Ljava/lang/Object;J)Ljava/lang/Object;
akka/pattern/PromiseActorRef, updateState, (Ljava/lang/Object;Ljava/lang/Object;)Z, sun/misc/Unsafe, compareAndSwapObject, (Ljava/lang/Object;JLjava/lang/Object;Ljava/lang/Object;)Z
akka/pattern/PromiseActorRef, setState, (Ljava/lang/Object;)V, sun/misc/Unsafe, putObjectVolatile, (Ljava/lang/Object;JLjava/lang/Object;)V
akka/util/internal/HashedWheelTimer$HashedWheelTimeout, state, ()I, sun/misc/Unsafe, getIntVolatile, (Ljava/lang/Object;J)I
akka/util/internal/HashedWheelTimer$HashedWheelTimeout, updateState, (II)Z, sun/misc/Unsafe, compareAndSwapInt, (Ljava/lang/Object;JII)Z
akka/util/internal/HashedWheelTimer$HashedWheelTimeout, <clinit>, ()V, sun/misc/Unsafe, objectFieldOffset, (Ljava/lang/reflect/Field;)J
akka/actor/AbstractActorRef, <clinit>, ()V, sun/misc/Unsafe, objectFieldOffset, (Ljava/lang/reflect/Field;)J
akka/actor/AbstractActorRef, <clinit>, ()V, sun/misc/Unsafe, objectFieldOffset, (Ljava/lang/reflect/Field;)J
akka/actor/RepointableActorRef, underlying, ()Lakka/actor/Cell;, sun/misc/Unsafe, getObjectVolatile, (Ljava/lang/Object;J)Ljava/lang/Object;
akka/actor/RepointableActorRef, lookup, ()Lakka/actor/Cell;, sun/misc/Unsafe, getObjectVolatile, (Ljava/lang/Object;J)Ljava/lang/Object;
akka/actor/RepointableActorRef, swapCell, (Lakka/actor/Cell;)Lakka/actor/Cell;, sun/misc/Unsafe, compareAndSwapObject, (Ljava/lang/Object;JLjava/lang/Object;Ljava/lang/Object;)Z
akka/actor/RepointableActorRef, swapLookup, (Lakka/actor/Cell;)Lakka/actor/Cell;, sun/misc/Unsafe, compareAndSwapObject, (Ljava/lang/Object;JLjava/lang/Object;Ljava/lang/Object;)Z
akka/actor/dungeon/AbstractActorCell, <clinit>, ()V, sun/misc/Unsafe, objectFieldOffset, (Ljava/lang/reflect/Field;)J
akka/actor/dungeon/AbstractActorCell, <clinit>, ()V, sun/misc/Unsafe, objectFieldOffset, (Ljava/lang/reflect/Field;)J
akka/actor/dungeon/AbstractActorCell, <clinit>, ()V, sun/misc/Unsafe, objectFieldOffset, (Ljava/lang/reflect/Field;)J
akka/actor/dungeon/Children$class, childrenRefs, (Lakka/actor/ActorCell;)Lakka/actor/dungeon/ChildrenContainer;, sun/misc/Unsafe, getObjectVolatile, (Ljava/lang/Object;J)Ljava/lang/Object;
akka/actor/dungeon/Children$class, swapChildrenRefs, (Lakka/actor/ActorCell;Lakka/actor/dungeon/ChildrenContainer;Lakka/actor/dungeon/ChildrenContainer;)Z, sun/misc/Unsafe, compareAndSwapObject, (Ljava/lang/Object;JLjava/lang/Object;Ljava/lang/Object;)Z
akka/actor/dungeon/Children$class, setTerminated, (Lakka/actor/ActorCell;)V, sun/misc/Unsafe, putObjectVolatile, (Ljava/lang/Object;JLjava/lang/Object;)V
akka/actor/dungeon/Children$class, inc$1, (Lakka/actor/ActorCell;)J, sun/misc/Unsafe, getLongVolatile, (Ljava/lang/Object;J)J
akka/actor/dungeon/Children$class, inc$1, (Lakka/actor/ActorCell;)J, sun/misc/Unsafe, compareAndSwapLong, (Ljava/lang/Object;JJJ)Z
akka/actor/dungeon/Dispatch$class, mailbox, (Lakka/actor/ActorCell;)Lakka/dispatch/Mailbox;, sun/misc/Unsafe, getObjectVolatile, (Ljava/lang/Object;J)Ljava/lang/Object;
akka/actor/dungeon/Dispatch$class, swapMailbox, (Lakka/actor/ActorCell;Lakka/dispatch/Mailbox;)Lakka/dispatch/Mailbox;, sun/misc/Unsafe, compareAndSwapObject, (Ljava/lang/Object;JLjava/lang/Object;Ljava/lang/Object;)Z
akka/dispatch/AbstractMailbox, <clinit>, ()V, sun/misc/Unsafe, objectFieldOffset, (Ljava/lang/reflect/Field;)J
akka/dispatch/AbstractMailbox, <clinit>, ()V, sun/misc/Unsafe, objectFieldOffset, (Ljava/lang/reflect/Field;)J
akka/dispatch/AbstractMessageDispatcher, <clinit>, ()V, sun/misc/Unsafe, objectFieldOffset, (Ljava/lang/reflect/Field;)J
akka/dispatch/AbstractMessageDispatcher, <clinit>, ()V, sun/misc/Unsafe, objectFieldOffset, (Ljava/lang/reflect/Field;)J
akka/dispatch/Mailbox, status, ()I, sun/misc/Unsafe, getIntVolatile, (Ljava/lang/Object;J)I
akka/dispatch/Mailbox, updateStatus, (II)Z, sun/misc/Unsafe, compareAndSwapInt, (Ljava/lang/Object;JII)Z
akka/dispatch/Mailbox, setStatus, (I)V, sun/misc/Unsafe, putIntVolatile, (Ljava/lang/Object;JI)V
akka/dispatch/Mailbox, systemQueueGet, ()Lakka/dispatch/SystemMessage;, sun/misc/Unsafe, getObjectVolatile, (Ljava/lang/Object;J)Ljava/lang/Object;
akka/dispatch/Mailbox, systemQueuePut, (Lakka/dispatch/SystemMessage;Lakka/dispatch/SystemMessage;)Z, sun/misc/Unsafe, compareAndSwapObject, (Ljava/lang/Object;JLjava/lang/Object;Ljava/lang/Object;)Z
akka/dispatch/MessageDispatcher, akka$dispatch$MessageDispatcher$$addInhabitants, (J)J, sun/misc/Unsafe, compareAndSwapLong, (Ljava/lang/Object;JJJ)Z
akka/dispatch/MessageDispatcher, inhabitants, ()J, sun/misc/Unsafe, getLongVolatile, (Ljava/lang/Object;J)J
akka/dispatch/MessageDispatcher, akka$dispatch$MessageDispatcher$$shutdownSchedule, ()I, sun/misc/Unsafe, getIntVolatile, (Ljava/lang/Object;J)I
akka/dispatch/MessageDispatcher, akka$dispatch$MessageDispatcher$$updateShutdownSchedule, (II)Z, sun/misc/Unsafe, compareAndSwapInt, (Ljava/lang/Object;JII)Z
akka/pattern/AbstractCircuitBreaker, <clinit>, ()V, sun/misc/Unsafe, objectFieldOffset, (Ljava/lang/reflect/Field;)J
akka/pattern/AbstractPromiseActorRef, <clinit>, ()V, sun/misc/Unsafe, objectFieldOffset, (Ljava/lang/reflect/Field;)J
akka/pattern/AbstractPromiseActorRef, <clinit>, ()V, sun/misc/Unsafe, objectFieldOffset, (Ljava/lang/reflect/Field;)J
akka/pattern/CircuitBreaker, swapState, (Lakka/pattern/CircuitBreaker$State;Lakka/pattern/CircuitBreaker$State;)Z, sun/misc/Unsafe, compareAndSwapObject, (Ljava/lang/Object;JLjava/lang/Object;Ljava/lang/Object;)Z
akka/pattern/CircuitBreaker, currentState, ()Lakka/pattern/CircuitBreaker$State;, sun/misc/Unsafe, getObjectVolatile, (Ljava/lang/Object;J)Ljava/lang/Object;
akka/pattern/PromiseActorRef, watchedBy, ()Lscala/collection/immutable/Set;, sun/misc/Unsafe, getObjectVolatile, (Ljava/lang/Object;J)Ljava/lang/Object;
akka/pattern/PromiseActorRef, updateWatchedBy, (Lscala/collection/immutable/Set;Lscala/collection/immutable/Set;)Z, sun/misc/Unsafe, compareAndSwapObject, (Ljava/lang/Object;JLjava/lang/Object;Ljava/lang/Object;)Z
akka/pattern/PromiseActorRef, state, ()Ljava/lang/Object;, sun/misc/Unsafe, getObjectVolatile, (Ljava/lang/Object;J)Ljava/lang/Object;
akka/pattern/PromiseActorRef, updateState, (Ljava/lang/Object;Ljava/lang/Object;)Z, sun/misc/Unsafe, compareAndSwapObject, (Ljava/lang/Object;JLjava/lang/Object;Ljava/lang/Object;)Z
akka/pattern/PromiseActorRef, setState, (Ljava/lang/Object;)V, sun/misc/Unsafe, putObjectVolatile, (Ljava/lang/Object;JLjava/lang/Object;)V
akka/util/internal/HashedWheelTimer$HashedWheelTimeout, state, ()I, sun/misc/Unsafe, getIntVolatile, (Ljava/lang/Object;J)I
akka/util/internal/HashedWheelTimer$HashedWheelTimeout, updateState, (II)Z, sun/misc/Unsafe, compareAndSwapInt, (Ljava/lang/Object;JII)Z
akka/util/internal/HashedWheelTimer$HashedWheelTimeout, <clinit>, ()V, sun/misc/Unsafe, objectFieldOffset, (Ljava/lang/reflect/Field;)J
akka/actor/AbstractActorRef, <clinit>, ()V, sun/misc/Unsafe, objectFieldOffset, (Ljava/lang/reflect/Field;)J
akka/actor/RepointableActorRef, underlying, ()Lakka/actor/Cell;, sun/misc/Unsafe, getObjectVolatile, (Ljava/lang/Object;J)Ljava/lang/Object;
akka/actor/RepointableActorRef, swapCell, (Lakka/actor/Cell;)Lakka/actor/Cell;, sun/misc/Unsafe, compareAndSwapObject, (Ljava/lang/Object;JLjava/lang/Object;Ljava/lang/Object;)Z
akka/actor/dungeon/AbstractActorCell, <clinit>, ()V, sun/misc/Unsafe, objectFieldOffset, (Ljava/lang/reflect/Field;)J
akka/actor/dungeon/AbstractActorCell, <clinit>, ()V, sun/misc/Unsafe, objectFieldOffset, (Ljava/lang/reflect/Field;)J
akka/actor/dungeon/AbstractActorCell, <clinit>, ()V, sun/misc/Unsafe, objectFieldOffset, (Ljava/lang/reflect/Field;)J
akka/actor/dungeon/Children$class, childrenRefs, (Lakka/actor/ActorCell;)Lakka/actor/dungeon/ChildrenContainer;, sun/misc/Unsafe, getObjectVolatile, (Ljava/lang/Object;J)Ljava/lang/Object;
akka/actor/dungeon/Children$class, swapChildrenRefs, (Lakka/actor/ActorCell;Lakka/actor/dungeon/ChildrenContainer;Lakka/actor/dungeon/ChildrenContainer;)Z, sun/misc/Unsafe, compareAndSwapObject, (Ljava/lang/Object;JLjava/lang/Object;Ljava/lang/Object;)Z
akka/actor/dungeon/Children$class, setTerminated, (Lakka/actor/ActorCell;)V, sun/misc/Unsafe, putObjectVolatile, (Ljava/lang/Object;JLjava/lang/Object;)V
akka/actor/dungeon/Children$class, inc$1, (Lakka/actor/ActorCell;)J, sun/misc/Unsafe, getLongVolatile, (Ljava/lang/Object;J)J
akka/actor/dungeon/Children$class, inc$1, (Lakka/actor/ActorCell;)J, sun/misc/Unsafe, compareAndSwapLong, (Ljava/lang/Object;JJJ)Z
akka/actor/dungeon/Dispatch$class, mailbox, (Lakka/actor/ActorCell;)Lakka/dispatch/Mailbox;, sun/misc/Unsafe, getObjectVolatile, (Ljava/lang/Object;J)Ljava/lang/Object;
akka/actor/dungeon/Dispatch$class, swapMailbox, (Lakka/actor/ActorCell;Lakka/dispatch/Mailbox;)Lakka/dispatch/Mailbox;, sun/misc/Unsafe, compareAndSwapObject, (Ljava/lang/Object;JLjava/lang/Object;Ljava/lang/Object;)Z
akka/dispatch/AbstractMailbox, <clinit>, ()V, sun/misc/Unsafe, objectFieldOffset, (Ljava/lang/reflect/Field;)J
akka/dispatch/AbstractMailbox, <clinit>, ()V, sun/misc/Unsafe, objectFieldOffset, (Ljava/lang/reflect/Field;)J
akka/dispatch/AbstractMessageDispatcher, <clinit>, ()V, sun/misc/Unsafe, objectFieldOffset, (Ljava/lang/reflect/Field;)J
akka/dispatch/AbstractMessageDispatcher, <clinit>, ()V, sun/misc/Unsafe, objectFieldOffset, (Ljava/lang/reflect/Field;)J
akka/dispatch/Mailbox, status, ()I, sun/misc/Unsafe, getIntVolatile, (Ljava/lang/Object;J)I
akka/dispatch/Mailbox, updateStatus, (II)Z, sun/misc/Unsafe, compareAndSwapInt, (Ljava/lang/Object;JII)Z
akka/dispatch/Mailbox, setStatus, (I)V, sun/misc/Unsafe, putIntVolatile, (Ljava/lang/Object;JI)V
akka/dispatch/Mailbox, systemQueueGet, ()Lakka/dispatch/SystemMessage;, sun/misc/Unsafe, getObjectVolatile, (Ljava/lang/Object;J)Ljava/lang/Object;
akka/dispatch/Mailbox, systemQueuePut, (Lakka/dispatch/SystemMessage;Lakka/dispatch/SystemMessage;)Z, sun/misc/Unsafe, compareAndSwapObject, (Ljava/lang/Object;JLjava/lang/Object;Ljava/lang/Object;)Z
akka/dispatch/MessageDispatcher, akka$dispatch$MessageDispatcher$$addInhabitants, (J)J, sun/misc/Unsafe, compareAndSwapLong, (Ljava/lang/Object;JJJ)Z
akka/dispatch/MessageDispatcher, inhabitants, ()J, sun/misc/Unsafe, getLongVolatile, (Ljava/lang/Object;J)J
akka/dispatch/MessageDispatcher, akka$dispatch$MessageDispatcher$$shutdownSchedule, ()I, sun/misc/Unsafe, getIntVolatile, (Ljava/lang/Object;J)I
akka/dispatch/MessageDispatcher, akka$dispatch$MessageDispatcher$$updateShutdownSchedule, (II)Z, sun/misc/Unsafe, compareAndSwapInt, (Ljava/lang/Object;JII)Z
akka/pattern/AbstractCircuitBreaker, <clinit>, ()V, sun/misc/Unsafe, objectFieldOffset, (Ljava/lang/reflect/Field;)J
akka/pattern/AbstractPromiseActorRef, <clinit>, ()V, sun/misc/Unsafe, objectFieldOffset, (Ljava/lang/reflect/Field;)J
akka/pattern/AbstractPromiseActorRef, <clinit>, ()V, sun/misc/Unsafe, objectFieldOffset, (Ljava/lang/reflect/Field;)J
akka/pattern/CircuitBreaker, swapState, (Lakka/pattern/CircuitBreaker$State;Lakka/pattern/CircuitBreaker$State;)Z, sun/misc/Unsafe, compareAndSwapObject, (Ljava/lang/Object;JLjava/lang/Object;Ljava/lang/Object;)Z
akka/pattern/CircuitBreaker, currentState, ()Lakka/pattern/CircuitBreaker$State;, sun/misc/Unsafe, getObjectVolatile, (Ljava/lang/Object;J)Ljava/lang/Object;
akka/pattern/PromiseActorRef, watchedBy, ()Lscala/collection/immutable/Set;, sun/misc/Unsafe, getObjectVolatile, (Ljava/lang/Object;J)Ljava/lang/Object;
akka/pattern/PromiseActorRef, updateWatchedBy, (Lscala/collection/immutable/Set;Lscala/collection/immutable/Set;)Z, sun/misc/Unsafe, compareAndSwapObject, (Ljava/lang/Object;JLjava/lang/Object;Ljava/lang/Object;)Z
akka/pattern/PromiseActorRef, state, ()Ljava/lang/Object;, sun/misc/Unsafe, getObjectVolatile, (Ljava/lang/Object;J)Ljava/lang/Object;
akka/pattern/PromiseActorRef, updateState, (Ljava/lang/Object;Ljava/lang/Object;)Z, sun/misc/Unsafe, compareAndSwapObject, (Ljava/lang/Object;JLjava/lang/Object;Ljava/lang/Object;)Z
akka/pattern/PromiseActorRef, setState, (Ljava/lang/Object;)V, sun/misc/Unsafe, putObjectVolatile, (Ljava/lang/Object;JLjava/lang/Object;)V
akka/util/internal/HashedWheelTimer$HashedWheelTimeout, state, ()I, sun/misc/Unsafe, getIntVolatile, (Ljava/lang/Object;J)I
akka/util/internal/HashedWheelTimer$HashedWheelTimeout, updateState, (II)Z, sun/misc/Unsafe, compareAndSwapInt, (Ljava/lang/Object;JII)Z
akka/util/internal/HashedWheelTimer$HashedWheelTimeout, <clinit>, ()V, sun/misc/Unsafe, objectFieldOffset, (Ljava/lang/reflect/Field;)J
org/fusesource/lmdbjni/DirectBuffer, setMemory, (IIB)V, sun/misc/Unsafe, setMemory, (Ljava/lang/Object;JJB)V
org/fusesource/lmdbjni/DirectBuffer, getLong, (ILjava/nio/ByteOrder;)J, sun/misc/Unsafe, getLong, (Ljava/lang/Object;J)J
org/fusesource/lmdbjni/DirectBuffer, putLong, (IJLjava/nio/ByteOrder;)V, sun/misc/Unsafe, putLong, (Ljava/lang/Object;JJ)V
org/fusesource/lmdbjni/DirectBuffer, getLong, (I)J, sun/misc/Unsafe, getLong, (Ljava/lang/Object;J)J
org/fusesource/lmdbjni/DirectBuffer, putLong, (IJ)V, sun/misc/Unsafe, putLong, (Ljava/lang/Object;JJ)V
org/fusesource/lmdbjni/DirectBuffer, getLongVolatile, (I)J, sun/misc/Unsafe, getLongVolatile, (Ljava/lang/Object;J)J
org/fusesource/lmdbjni/DirectBuffer, putLongVolatile, (IJ)V, sun/misc/Unsafe, putLongVolatile, (Ljava/lang/Object;JJ)V
org/fusesource/lmdbjni/DirectBuffer, putLongOrdered, (IJ)V, sun/misc/Unsafe, putOrderedLong, (Ljava/lang/Object;JJ)V
org/fusesource/lmdbjni/DirectBuffer, addLongOrdered, (IJ)V, sun/misc/Unsafe, getLong, (Ljava/lang/Object;J)J
org/fusesource/lmdbjni/DirectBuffer, addLongOrdered, (IJ)V, sun/misc/Unsafe, putOrderedLong, (Ljava/lang/Object;JJ)V
org/fusesource/lmdbjni/DirectBuffer, compareAndSetLong, (IJJ)Z, sun/misc/Unsafe, compareAndSwapLong, (Ljava/lang/Object;JJJ)Z
org/fusesource/lmdbjni/DirectBuffer, getInt, (ILjava/nio/ByteOrder;)I, sun/misc/Unsafe, getInt, (Ljava/lang/Object;J)I
org/fusesource/lmdbjni/DirectBuffer, putInt, (IILjava/nio/ByteOrder;)V, sun/misc/Unsafe, putInt, (Ljava/lang/Object;JI)V
org/fusesource/lmdbjni/DirectBuffer, getInt, (I)I, sun/misc/Unsafe, getInt, (Ljava/lang/Object;J)I
org/fusesource/lmdbjni/DirectBuffer, putInt, (II)V, sun/misc/Unsafe, putInt, (Ljava/lang/Object;JI)V
org/fusesource/lmdbjni/DirectBuffer, getIntVolatile, (I)I, sun/misc/Unsafe, getIntVolatile, (Ljava/lang/Object;J)I
org/fusesource/lmdbjni/DirectBuffer, putIntVolatile, (II)V, sun/misc/Unsafe, putIntVolatile, (Ljava/lang/Object;JI)V
org/fusesource/lmdbjni/DirectBuffer, putIntOrdered, (II)V, sun/misc/Unsafe, putOrderedInt, (Ljava/lang/Object;JI)V
org/fusesource/lmdbjni/DirectBuffer, addIntOrdered, (II)V, sun/misc/Unsafe, getInt, (Ljava/lang/Object;J)I
org/fusesource/lmdbjni/DirectBuffer, addIntOrdered, (II)V, sun/misc/Unsafe, putOrderedInt, (Ljava/lang/Object;JI)V
org/fusesource/lmdbjni/DirectBuffer, compareAndSetInt, (III)Z, sun/misc/Unsafe, compareAndSwapInt, (Ljava/lang/Object;JII)Z
org/fusesource/lmdbjni/DirectBuffer, getDouble, (ILjava/nio/ByteOrder;)D, sun/misc/Unsafe, getLong, (Ljava/lang/Object;J)J
org/fusesource/lmdbjni/DirectBuffer, getDouble, (ILjava/nio/ByteOrder;)D, sun/misc/Unsafe, getDouble, (Ljava/lang/Object;J)D
org/fusesource/lmdbjni/DirectBuffer, putDouble, (IDLjava/nio/ByteOrder;)V, sun/misc/Unsafe, putLong, (Ljava/lang/Object;JJ)V
org/fusesource/lmdbjni/DirectBuffer, putDouble, (IDLjava/nio/ByteOrder;)V, sun/misc/Unsafe, putDouble, (Ljava/lang/Object;JD)V
org/fusesource/lmdbjni/DirectBuffer, getDouble, (I)D, sun/misc/Unsafe, getDouble, (Ljava/lang/Object;J)D
org/fusesource/lmdbjni/DirectBuffer, putDouble, (ID)V, sun/misc/Unsafe, putDouble, (Ljava/lang/Object;JD)V
org/fusesource/lmdbjni/DirectBuffer, getFloat, (ILjava/nio/ByteOrder;)F, sun/misc/Unsafe, getInt, (Ljava/lang/Object;J)I
org/fusesource/lmdbjni/DirectBuffer, getFloat, (ILjava/nio/ByteOrder;)F, sun/misc/Unsafe, getFloat, (Ljava/lang/Object;J)F
org/fusesource/lmdbjni/DirectBuffer, putFloat, (IFLjava/nio/ByteOrder;)V, sun/misc/Unsafe, putLong, (Ljava/lang/Object;JJ)V
org/fusesource/lmdbjni/DirectBuffer, putFloat, (IFLjava/nio/ByteOrder;)V, sun/misc/Unsafe, putFloat, (Ljava/lang/Object;JF)V
org/fusesource/lmdbjni/DirectBuffer, getFloat, (I)F, sun/misc/Unsafe, getFloat, (Ljava/lang/Object;J)F
org/fusesource/lmdbjni/DirectBuffer, putFloat, (IF)V, sun/misc/Unsafe, putFloat, (Ljava/lang/Object;JF)V
org/fusesource/lmdbjni/DirectBuffer, getShort, (ILjava/nio/ByteOrder;)S, sun/misc/Unsafe, getShort, (Ljava/lang/Object;J)S
org/fusesource/lmdbjni/DirectBuffer, putShort, (ISLjava/nio/ByteOrder;)V, sun/misc/Unsafe, putShort, (Ljava/lang/Object;JS)V
org/fusesource/lmdbjni/DirectBuffer, getShort, (I)S, sun/misc/Unsafe, getShort, (Ljava/lang/Object;J)S
org/fusesource/lmdbjni/DirectBuffer, putShort, (IS)V, sun/misc/Unsafe, putShort, (Ljava/lang/Object;JS)V
org/fusesource/lmdbjni/DirectBuffer, getShortVolatile, (I)S, sun/misc/Unsafe, getShortVolatile, (Ljava/lang/Object;J)S
org/fusesource/lmdbjni/DirectBuffer, putShortVolatile, (IS)V, sun/misc/Unsafe, putShortVolatile, (Ljava/lang/Object;JS)V
org/fusesource/lmdbjni/DirectBuffer, getByte, (I)B, sun/misc/Unsafe, getByte, (Ljava/lang/Object;J)B
org/fusesource/lmdbjni/DirectBuffer, putByte, (IB)V, sun/misc/Unsafe, putByte, (Ljava/lang/Object;JB)V
org/fusesource/lmdbjni/DirectBuffer, getBytes, (I[BII)I, sun/misc/Unsafe, copyMemory, (Ljava/lang/Object;JLjava/lang/Object;JJ)V
org/fusesource/lmdbjni/DirectBuffer, getBytes, (ILjava/nio/ByteBuffer;I)I, sun/misc/Unsafe, copyMemory, (Ljava/lang/Object;JLjava/lang/Object;JJ)V
org/fusesource/lmdbjni/DirectBuffer, putBytes, (I[BII)I, sun/misc/Unsafe, copyMemory, (Ljava/lang/Object;JLjava/lang/Object;JJ)V
org/fusesource/lmdbjni/DirectBuffer, putBytes, (ILjava/nio/ByteBuffer;II)I, sun/misc/Unsafe, copyMemory, (Ljava/lang/Object;JLjava/lang/Object;JJ)V
org/fusesource/lmdbjni/DirectBuffer, putBytes, (ILorg/fusesource/lmdbjni/DirectBuffer;II)V, sun/misc/Unsafe, copyMemory, (Ljava/lang/Object;JLjava/lang/Object;JJ)V
org/fusesource/lmdbjni/DirectBuffer, getString, (I)Lorg/fusesource/lmdbjni/ByteString;, sun/misc/Unsafe, getByte, (Ljava/lang/Object;J)B
org/fusesource/lmdbjni/DirectBuffer, getBoolean, (I)Z, sun/misc/Unsafe, getBoolean, (Ljava/lang/Object;J)Z
org/fusesource/lmdbjni/DirectBuffer, putBoolean, (IZ)V, sun/misc/Unsafe, putBoolean, (Ljava/lang/Object;JZ)V
org/fusesource/lmdbjni/DirectBuffer, getChar, (I)C, sun/misc/Unsafe, getChar, (Ljava/lang/Object;J)C
org/fusesource/lmdbjni/DirectBuffer, putChar, (IC)V, sun/misc/Unsafe, putInt, (Ljava/lang/Object;JI)V
org/fusesource/lmdbjni/DirectBuffer, <clinit>, ()V, sun/misc/Unsafe, arrayBaseOffset, (Ljava/lang/Class;)I
org/fusesource/lmdbjni/NativeBuffer, write, (J[BII)V, sun/misc/Unsafe, copyMemory, (Ljava/lang/Object;JLjava/lang/Object;JJ)V
org/fusesource/lmdbjni/NativeBuffer, read, (J[BII)V, sun/misc/Unsafe, copyMemory, (Ljava/lang/Object;JLjava/lang/Object;JJ)V
org/fusesource/lmdbjni/Unsafe, getAddress, (JI)J, sun/misc/Unsafe, getAddress, (J)J
org/fusesource/lmdbjni/Unsafe, getLong, (JI)J, sun/misc/Unsafe, getLong, (J)J
org/fusesource/lmdbjni/Unsafe, putLong, (JIJ)V, sun/misc/Unsafe, putLong, (Ljava/lang/Object;JJ)V
org/fusesource/lmdbjni/Unsafe, getBytes, (JI[B)V, sun/misc/Unsafe, copyMemory, (Ljava/lang/Object;JLjava/lang/Object;JJ)V
org/fusesource/lmdbjni/Unsafe, <clinit>, ()V, sun/misc/Unsafe, addressSize, ()I
org/fusesource/lmdbjni/Unsafe, <clinit>, ()V, sun/misc/Unsafe, arrayBaseOffset, (Ljava/lang/Class;)I
com/codahale/metrics/Striped64$Cell, cas, (JJ)Z, sun/misc/Unsafe, compareAndSwapLong, (Ljava/lang/Object;JJJ)Z
com/codahale/metrics/Striped64$Cell, <clinit>, ()V, sun/misc/Unsafe, objectFieldOffset, (Ljava/lang/reflect/Field;)J
com/codahale/metrics/Striped64, casBase, (JJ)Z, sun/misc/Unsafe, compareAndSwapLong, (Ljava/lang/Object;JJJ)Z
com/codahale/metrics/Striped64, casBusy, ()Z, sun/misc/Unsafe, compareAndSwapInt, (Ljava/lang/Object;JII)Z
com/codahale/metrics/Striped64, getUnsafe, ()Lsun/misc/Unsafe;, sun/misc/Unsafe, getUnsafe, ()Lsun/misc/Unsafe;
com/codahale/metrics/Striped64, <clinit>, ()V, sun/misc/Unsafe, objectFieldOffset, (Ljava/lang/reflect/Field;)J
com/codahale/metrics/Striped64, <clinit>, ()V, sun/misc/Unsafe, objectFieldOffset, (Ljava/lang/reflect/Field;)J
com/google/common/cache/Striped64$Cell, cas, (JJ)Z, sun/misc/Unsafe, compareAndSwapLong, (Ljava/lang/Object;JJJ)Z
com/google/common/cache/Striped64$Cell, <clinit>, ()V, sun/misc/Unsafe, objectFieldOffset, (Ljava/lang/reflect/Field;)J
com/google/common/cache/Striped64, casBase, (JJ)Z, sun/misc/Unsafe, compareAndSwapLong, (Ljava/lang/Object;JJJ)Z
com/google/common/cache/Striped64, casBusy, ()Z, sun/misc/Unsafe, compareAndSwapInt, (Ljava/lang/Object;JII)Z
com/google/common/cache/Striped64, getUnsafe, ()Lsun/misc/Unsafe;, sun/misc/Unsafe, getUnsafe, ()Lsun/misc/Unsafe;
com/google/common/cache/Striped64, <clinit>, ()V, sun/misc/Unsafe, objectFieldOffset, (Ljava/lang/reflect/Field;)J
com/google/common/cache/Striped64, <clinit>, ()V, sun/misc/Unsafe, objectFieldOffset, (Ljava/lang/reflect/Field;)J
com/google/common/primitives/UnsignedBytes$LexicographicalComparatorHolder$UnsafeComparator, getUnsafe, ()Lsun/misc/Unsafe;, sun/misc/Unsafe, getUnsafe, ()Lsun/misc/Unsafe;
com/google/common/primitives/UnsignedBytes$LexicographicalComparatorHolder$UnsafeComparator, compare, ([B[B)I, sun/misc/Unsafe, getLong, (Ljava/lang/Object;J)J
com/google/common/primitives/UnsignedBytes$LexicographicalComparatorHolder$UnsafeComparator, compare, ([B[B)I, sun/misc/Unsafe, getLong, (Ljava/lang/Object;J)J
com/google/common/primitives/UnsignedBytes$LexicographicalComparatorHolder$UnsafeComparator, <clinit>, ()V, sun/misc/Unsafe, arrayBaseOffset, (Ljava/lang/Class;)I
com/google/common/primitives/UnsignedBytes$LexicographicalComparatorHolder$UnsafeComparator, <clinit>, ()V, sun/misc/Unsafe, arrayIndexScale, (Ljava/lang/Class;)I
com/googlecode/concurrentlinkedhashmap/ConcurrentHashMapV8$TreeBin, lockRoot, ()V, sun/misc/Unsafe, compareAndSwapInt, (Ljava/lang/Object;JII)Z
com/googlecode/concurrentlinkedhashmap/ConcurrentHashMapV8$TreeBin, contendedLock, ()V, sun/misc/Unsafe, compareAndSwapInt, (Ljava/lang/Object;JII)Z
com/googlecode/concurrentlinkedhashmap/ConcurrentHashMapV8$TreeBin, contendedLock, ()V, sun/misc/Unsafe, compareAndSwapInt, (Ljava/lang/Object;JII)Z
com/googlecode/concurrentlinkedhashmap/ConcurrentHashMapV8$TreeBin, find, (ILjava/lang/Object;)Lcom/googlecode/concurrentlinkedhashmap/ConcurrentHashMapV8$Node;, sun/misc/Unsafe, compareAndSwapInt, (Ljava/lang/Object;JII)Z
com/googlecode/concurrentlinkedhashmap/ConcurrentHashMapV8$TreeBin, find, (ILjava/lang/Object;)Lcom/googlecode/concurrentlinkedhashmap/ConcurrentHashMapV8$Node;, sun/misc/Unsafe, compareAndSwapInt, (Ljava/lang/Object;JII)Z
com/googlecode/concurrentlinkedhashmap/ConcurrentHashMapV8$TreeBin, find, (ILjava/lang/Object;)Lcom/googlecode/concurrentlinkedhashmap/ConcurrentHashMapV8$Node;, sun/misc/Unsafe, compareAndSwapInt, (Ljava/lang/Object;JII)Z
com/googlecode/concurrentlinkedhashmap/ConcurrentHashMapV8$TreeBin, <clinit>, ()V, sun/misc/Unsafe, objectFieldOffset, (Ljava/lang/reflect/Field;)J
com/googlecode/concurrentlinkedhashmap/ConcurrentHashMapV8, tabAt, ([Lcom/googlecode/concurrentlinkedhashmap/ConcurrentHashMapV8$Node;I)Lcom/googlecode/concurrentlinkedhashmap/ConcurrentHashMapV8$Node;, sun/misc/Unsafe, getObjectVolatile, (Ljava/lang/Object;J)Ljava/lang/Object;
com/googlecode/concurrentlinkedhashmap/ConcurrentHashMapV8, casTabAt, ([Lcom/googlecode/concurrentlinkedhashmap/ConcurrentHashMapV8$Node;ILcom/googlecode/concurrentlinkedhashmap/ConcurrentHashMapV8$Node;Lcom/googlecode/concurrentlinkedhashmap/ConcurrentHashMapV8$Node;)Z, sun/misc/Unsafe, compareAndSwapObject, (Ljava/lang/Object;JLjava/lang/Object;Ljava/lang/Object;)Z
com/googlecode/concurrentlinkedhashmap/ConcurrentHashMapV8, setTabAt, ([Lcom/googlecode/concurrentlinkedhashmap/ConcurrentHashMapV8$Node;ILcom/googlecode/concurrentlinkedhashmap/ConcurrentHashMapV8$Node;)V, sun/misc/Unsafe, putObjectVolatile, (Ljava/lang/Object;JLjava/lang/Object;)V
com/googlecode/concurrentlinkedhashmap/ConcurrentHashMapV8, initTable, ()[Lcom/googlecode/concurrentlinkedhashmap/ConcurrentHashMapV8$Node;, sun/misc/Unsafe, compareAndSwapInt, (Ljava/lang/Object;JII)Z
com/googlecode/concurrentlinkedhashmap/ConcurrentHashMapV8, addCount, (JI)V, sun/misc/Unsafe, compareAndSwapLong, (Ljava/lang/Object;JJJ)Z
com/googlecode/concurrentlinkedhashmap/ConcurrentHashMapV8, addCount, (JI)V, sun/misc/Unsafe, compareAndSwapLong, (Ljava/lang/Object;JJJ)Z
com/googlecode/concurrentlinkedhashmap/ConcurrentHashMapV8, addCount, (JI)V, sun/misc/Unsafe, compareAndSwapInt, (Ljava/lang/Object;JII)Z
com/googlecode/concurrentlinkedhashmap/ConcurrentHashMapV8, addCount, (JI)V, sun/misc/Unsafe, compareAndSwapInt, (Ljava/lang/Object;JII)Z
com/googlecode/concurrentlinkedhashmap/ConcurrentHashMapV8, helpTransfer, ([Lcom/googlecode/concurrentlinkedhashmap/ConcurrentHashMapV8$Node;Lcom/googlecode/concurrentlinkedhashmap/ConcurrentHashMapV8$Node;)[Lcom/googlecode/concurrentlinkedhashmap/ConcurrentHashMapV8$Node;, sun/misc/Unsafe, compareAndSwapInt, (Ljava/lang/Object;JII)Z
com/googlecode/concurrentlinkedhashmap/ConcurrentHashMapV8, tryPresize, (I)V, sun/misc/Unsafe, compareAndSwapInt, (Ljava/lang/Object;JII)Z
com/googlecode/concurrentlinkedhashmap/ConcurrentHashMapV8, tryPresize, (I)V, sun/misc/Unsafe, compareAndSwapInt, (Ljava/lang/Object;JII)Z
com/googlecode/concurrentlinkedhashmap/ConcurrentHashMapV8, transfer, ([Lcom/googlecode/concurrentlinkedhashmap/ConcurrentHashMapV8$Node;[Lcom/googlecode/concurrentlinkedhashmap/ConcurrentHashMapV8$Node;)V, sun/misc/Unsafe, putOrderedInt, (Ljava/lang/Object;JI)V
com/googlecode/concurrentlinkedhashmap/ConcurrentHashMapV8, transfer, ([Lcom/googlecode/concurrentlinkedhashmap/ConcurrentHashMapV8$Node;[Lcom/googlecode/concurrentlinkedhashmap/ConcurrentHashMapV8$Node;)V, sun/misc/Unsafe, compareAndSwapInt, (Ljava/lang/Object;JII)Z
com/googlecode/concurrentlinkedhashmap/ConcurrentHashMapV8, transfer, ([Lcom/googlecode/concurrentlinkedhashmap/ConcurrentHashMapV8$Node;[Lcom/googlecode/concurrentlinkedhashmap/ConcurrentHashMapV8$Node;)V, sun/misc/Unsafe, compareAndSwapInt, (Ljava/lang/Object;JII)Z
com/googlecode/concurrentlinkedhashmap/ConcurrentHashMapV8, treeifyBin, ([Lcom/googlecode/concurrentlinkedhashmap/ConcurrentHashMapV8$Node;I)V, sun/misc/Unsafe, compareAndSwapInt, (Ljava/lang/Object;JII)Z
com/googlecode/concurrentlinkedhashmap/ConcurrentHashMapV8, fullAddCount, (JLcom/googlecode/concurrentlinkedhashmap/ConcurrentHashMapV8$CounterHashCode;Z)V, sun/misc/Unsafe, compareAndSwapInt, (Ljava/lang/Object;JII)Z
com/googlecode/concurrentlinkedhashmap/ConcurrentHashMapV8, fullAddCount, (JLcom/googlecode/concurrentlinkedhashmap/ConcurrentHashMapV8$CounterHashCode;Z)V, sun/misc/Unsafe, compareAndSwapLong, (Ljava/lang/Object;JJJ)Z
com/googlecode/concurrentlinkedhashmap/ConcurrentHashMapV8, fullAddCount, (JLcom/googlecode/concurrentlinkedhashmap/ConcurrentHashMapV8$CounterHashCode;Z)V, sun/misc/Unsafe, compareAndSwapInt, (Ljava/lang/Object;JII)Z
com/googlecode/concurrentlinkedhashmap/ConcurrentHashMapV8, fullAddCount, (JLcom/googlecode/concurrentlinkedhashmap/ConcurrentHashMapV8$CounterHashCode;Z)V, sun/misc/Unsafe, compareAndSwapInt, (Ljava/lang/Object;JII)Z
com/googlecode/concurrentlinkedhashmap/ConcurrentHashMapV8, fullAddCount, (JLcom/googlecode/concurrentlinkedhashmap/ConcurrentHashMapV8$CounterHashCode;Z)V, sun/misc/Unsafe, compareAndSwapLong, (Ljava/lang/Object;JJJ)Z
com/googlecode/concurrentlinkedhashmap/ConcurrentHashMapV8, getUnsafe, ()Lsun/misc/Unsafe;, sun/misc/Unsafe, getUnsafe, ()Lsun/misc/Unsafe;
com/googlecode/concurrentlinkedhashmap/ConcurrentHashMapV8, <clinit>, ()V, sun/misc/Unsafe, objectFieldOffset, (Ljava/lang/reflect/Field;)J
com/googlecode/concurrentlinkedhashmap/ConcurrentHashMapV8, <clinit>, ()V, sun/misc/Unsafe, objectFieldOffset, (Ljava/lang/reflect/Field;)J
com/googlecode/concurrentlinkedhashmap/ConcurrentHashMapV8, <clinit>, ()V, sun/misc/Unsafe, objectFieldOffset, (Ljava/lang/reflect/Field;)J
com/googlecode/concurrentlinkedhashmap/ConcurrentHashMapV8, <clinit>, ()V, sun/misc/Unsafe, objectFieldOffset, (Ljava/lang/reflect/Field;)J
com/googlecode/concurrentlinkedhashmap/ConcurrentHashMapV8, <clinit>, ()V, sun/misc/Unsafe, objectFieldOffset, (Ljava/lang/reflect/Field;)J
com/googlecode/concurrentlinkedhashmap/ConcurrentHashMapV8, <clinit>, ()V, sun/misc/Unsafe, objectFieldOffset, (Ljava/lang/reflect/Field;)J
com/googlecode/concurrentlinkedhashmap/ConcurrentHashMapV8, <clinit>, ()V, sun/misc/Unsafe, arrayBaseOffset, (Ljava/lang/Class;)I
com/googlecode/concurrentlinkedhashmap/ConcurrentHashMapV8, <clinit>, ()V, sun/misc/Unsafe, arrayIndexScale, (Ljava/lang/Class;)I
org/apache/hadoop/io/FastByteComparisons$LexicographicalComparerHolder$UnsafeComparer, compareTo, ([BII[BII)I, sun/misc/Unsafe, getLong, (Ljava/lang/Object;J)J
org/apache/hadoop/io/FastByteComparisons$LexicographicalComparerHolder$UnsafeComparer, compareTo, ([BII[BII)I, sun/misc/Unsafe, getLong, (Ljava/lang/Object;J)J
org/apache/hadoop/io/FastByteComparisons$LexicographicalComparerHolder$UnsafeComparer, <clinit>, ()V, sun/misc/Unsafe, arrayBaseOffset, (Ljava/lang/Class;)I
org/apache/hadoop/io/FastByteComparisons$LexicographicalComparerHolder$UnsafeComparer, <clinit>, ()V, sun/misc/Unsafe, arrayIndexScale, (Ljava/lang/Class;)I
com/google/common/cache/Striped64$Cell, cas, (JJ)Z, sun/misc/Unsafe, compareAndSwapLong, (Ljava/lang/Object;JJJ)Z
com/google/common/cache/Striped64$Cell, <clinit>, ()V, sun/misc/Unsafe, objectFieldOffset, (Ljava/lang/reflect/Field;)J
com/google/common/cache/Striped64, casBase, (JJ)Z, sun/misc/Unsafe, compareAndSwapLong, (Ljava/lang/Object;JJJ)Z
com/google/common/cache/Striped64, casBusy, ()Z, sun/misc/Unsafe, compareAndSwapInt, (Ljava/lang/Object;JII)Z
com/google/common/cache/Striped64, getUnsafe, ()Lsun/misc/Unsafe;, sun/misc/Unsafe, getUnsafe, ()Lsun/misc/Unsafe;
com/google/common/cache/Striped64, <clinit>, ()V, sun/misc/Unsafe, objectFieldOffset, (Ljava/lang/reflect/Field;)J
com/google/common/cache/Striped64, <clinit>, ()V, sun/misc/Unsafe, objectFieldOffset, (Ljava/lang/reflect/Field;)J
com/google/common/primitives/UnsignedBytes$LexicographicalComparatorHolder$UnsafeComparator, getUnsafe, ()Lsun/misc/Unsafe;, sun/misc/Unsafe, getUnsafe, ()Lsun/misc/Unsafe;
com/google/common/primitives/UnsignedBytes$LexicographicalComparatorHolder$UnsafeComparator, compare, ([B[B)I, sun/misc/Unsafe, getLong, (Ljava/lang/Object;J)J
com/google/common/primitives/UnsignedBytes$LexicographicalComparatorHolder$UnsafeComparator, compare, ([B[B)I, sun/misc/Unsafe, getLong, (Ljava/lang/Object;J)J
com/google/common/primitives/UnsignedBytes$LexicographicalComparatorHolder$UnsafeComparator, <clinit>, ()V, sun/misc/Unsafe, arrayBaseOffset, (Ljava/lang/Class;)I
com/google/common/primitives/UnsignedBytes$LexicographicalComparatorHolder$UnsafeComparator, <clinit>, ()V, sun/misc/Unsafe, arrayIndexScale, (Ljava/lang/Class;)I
com/google/common/primitives/UnsignedBytes$LexicographicalComparatorHolder$UnsafeComparator, compare, ([B[B)I, sun/misc/Unsafe, getLong, (Ljava/lang/Object;J)J
com/google/common/primitives/UnsignedBytes$LexicographicalComparatorHolder$UnsafeComparator, compare, ([B[B)I, sun/misc/Unsafe, getLong, (Ljava/lang/Object;J)J
com/google/common/primitives/UnsignedBytes$LexicographicalComparatorHolder$UnsafeComparator, <clinit>, ()V, sun/misc/Unsafe, arrayBaseOffset, (Ljava/lang/Class;)I
com/google/common/primitives/UnsignedBytes$LexicographicalComparatorHolder$UnsafeComparator, <clinit>, ()V, sun/misc/Unsafe, arrayIndexScale, (Ljava/lang/Class;)I
com/google/apphosting/api/ReflectionUtils, allocateInstance, (Ljava/lang/Class;)Ljava/lang/Object;, sun/misc/Unsafe, allocateInstance, (Ljava/lang/Class;)Ljava/lang/Object;
com/google/appengine/repackaged/com/google/common/hash/LittleEndianByteArray$UnsafeByteArray$1, getLongLittleEndian, ([BI)J, sun/misc/Unsafe, getLong, (Ljava/lang/Object;J)J
com/google/appengine/repackaged/com/google/common/hash/LittleEndianByteArray$UnsafeByteArray$1, putLongLittleEndian, ([BIJ)V, sun/misc/Unsafe, putLong, (Ljava/lang/Object;JJ)V
com/google/appengine/repackaged/com/google/common/hash/LittleEndianByteArray$UnsafeByteArray$2, getLongLittleEndian, ([BI)J, sun/misc/Unsafe, getLong, (Ljava/lang/Object;J)J
com/google/appengine/repackaged/com/google/common/hash/LittleEndianByteArray$UnsafeByteArray$2, putLongLittleEndian, ([BIJ)V, sun/misc/Unsafe, putLong, (Ljava/lang/Object;JJ)V
com/google/appengine/repackaged/com/google/common/hash/LittleEndianByteArray$UnsafeByteArray, getUnsafe, ()Lsun/misc/Unsafe;, sun/misc/Unsafe, getUnsafe, ()Lsun/misc/Unsafe;
com/google/appengine/repackaged/com/google/common/hash/LittleEndianByteArray$UnsafeByteArray, <clinit>, ()V, sun/misc/Unsafe, arrayBaseOffset, (Ljava/lang/Class;)I
com/google/appengine/repackaged/com/google/common/hash/LittleEndianByteArray$UnsafeByteArray, <clinit>, ()V, sun/misc/Unsafe, arrayIndexScale, (Ljava/lang/Class;)I
com/google/appengine/repackaged/com/google/common/primitives/UnsignedBytes$LexicographicalComparatorHolder$UnsafeComparator, getUnsafe, ()Lsun/misc/Unsafe;, sun/misc/Unsafe, getUnsafe, ()Lsun/misc/Unsafe;
com/google/appengine/repackaged/com/google/common/primitives/UnsignedBytes$LexicographicalComparatorHolder$UnsafeComparator, compare, ([B[B)I, sun/misc/Unsafe, getLong, (Ljava/lang/Object;J)J
com/google/appengine/repackaged/com/google/common/primitives/UnsignedBytes$LexicographicalComparatorHolder$UnsafeComparator, compare, ([B[B)I, sun/misc/Unsafe, getLong, (Ljava/lang/Object;J)J
com/google/appengine/repackaged/com/google/common/primitives/UnsignedBytes$LexicographicalComparatorHolder$UnsafeComparator, <clinit>, ()V, sun/misc/Unsafe, arrayBaseOffset, (Ljava/lang/Class;)I
com/google/appengine/repackaged/com/google/common/primitives/UnsignedBytes$LexicographicalComparatorHolder$UnsafeComparator, <clinit>, ()V, sun/misc/Unsafe, arrayIndexScale, (Ljava/lang/Class;)I
com/softwaremill/macwire/proxy/ProxyCreator$, create, (Lscala/reflect/ClassTag;Ljavassist/util/proxy/MethodHandler;)Ljava/lang/Object;, sun/misc/Unsafe, allocateInstance, (Ljava/lang/Class;)Ljava/lang/Object;
com/softwaremill/macwire/proxy/ProxyCreator$, create, (Lscala/reflect/ClassTag;Ljavassist/util/proxy/MethodHandler;)Ljava/lang/Object;, sun/misc/Unsafe, allocateInstance, (Ljava/lang/Class;)Ljava/lang/Object;
org/glassfish/grizzly/utils/ConcurrentHashMapV8$TreeBin, lockRoot, ()V, sun/misc/Unsafe, compareAndSwapInt, (Ljava/lang/Object;JII)Z
org/glassfish/grizzly/utils/ConcurrentHashMapV8$TreeBin, contendedLock, ()V, sun/misc/Unsafe, compareAndSwapInt, (Ljava/lang/Object;JII)Z
org/glassfish/grizzly/utils/ConcurrentHashMapV8$TreeBin, contendedLock, ()V, sun/misc/Unsafe, compareAndSwapInt, (Ljava/lang/Object;JII)Z
org/glassfish/grizzly/utils/ConcurrentHashMapV8$TreeBin, find, (ILjava/lang/Object;)Lorg/glassfish/grizzly/utils/ConcurrentHashMapV8$Node;, sun/misc/Unsafe, compareAndSwapInt, (Ljava/lang/Object;JII)Z
org/glassfish/grizzly/utils/ConcurrentHashMapV8$TreeBin, find, (ILjava/lang/Object;)Lorg/glassfish/grizzly/utils/ConcurrentHashMapV8$Node;, sun/misc/Unsafe, compareAndSwapInt, (Ljava/lang/Object;JII)Z
org/glassfish/grizzly/utils/ConcurrentHashMapV8$TreeBin, find, (ILjava/lang/Object;)Lorg/glassfish/grizzly/utils/ConcurrentHashMapV8$Node;, sun/misc/Unsafe, compareAndSwapInt, (Ljava/lang/Object;JII)Z
org/glassfish/grizzly/utils/ConcurrentHashMapV8$TreeBin, <clinit>, ()V, sun/misc/Unsafe, objectFieldOffset, (Ljava/lang/reflect/Field;)J
org/glassfish/grizzly/utils/ConcurrentHashMapV8, tabAt, ([Lorg/glassfish/grizzly/utils/ConcurrentHashMapV8$Node;I)Lorg/glassfish/grizzly/utils/ConcurrentHashMapV8$Node;, sun/misc/Unsafe, getObjectVolatile, (Ljava/lang/Object;J)Ljava/lang/Object;
org/glassfish/grizzly/utils/ConcurrentHashMapV8, casTabAt, ([Lorg/glassfish/grizzly/utils/ConcurrentHashMapV8$Node;ILorg/glassfish/grizzly/utils/ConcurrentHashMapV8$Node;Lorg/glassfish/grizzly/utils/ConcurrentHashMapV8$Node;)Z, sun/misc/Unsafe, compareAndSwapObject, (Ljava/lang/Object;JLjava/lang/Object;Ljava/lang/Object;)Z
org/glassfish/grizzly/utils/ConcurrentHashMapV8, setTabAt, ([Lorg/glassfish/grizzly/utils/ConcurrentHashMapV8$Node;ILorg/glassfish/grizzly/utils/ConcurrentHashMapV8$Node;)V, sun/misc/Unsafe, putObjectVolatile, (Ljava/lang/Object;JLjava/lang/Object;)V
org/glassfish/grizzly/utils/ConcurrentHashMapV8, initTable, ()[Lorg/glassfish/grizzly/utils/ConcurrentHashMapV8$Node;, sun/misc/Unsafe, compareAndSwapInt, (Ljava/lang/Object;JII)Z
org/glassfish/grizzly/utils/ConcurrentHashMapV8, addCount, (JI)V, sun/misc/Unsafe, compareAndSwapLong, (Ljava/lang/Object;JJJ)Z
org/glassfish/grizzly/utils/ConcurrentHashMapV8, addCount, (JI)V, sun/misc/Unsafe, compareAndSwapLong, (Ljava/lang/Object;JJJ)Z
org/glassfish/grizzly/utils/ConcurrentHashMapV8, addCount, (JI)V, sun/misc/Unsafe, compareAndSwapInt, (Ljava/lang/Object;JII)Z
org/glassfish/grizzly/utils/ConcurrentHashMapV8, addCount, (JI)V, sun/misc/Unsafe, compareAndSwapInt, (Ljava/lang/Object;JII)Z
org/glassfish/grizzly/utils/ConcurrentHashMapV8, helpTransfer, ([Lorg/glassfish/grizzly/utils/ConcurrentHashMapV8$Node;Lorg/glassfish/grizzly/utils/ConcurrentHashMapV8$Node;)[Lorg/glassfish/grizzly/utils/ConcurrentHashMapV8$Node;, sun/misc/Unsafe, compareAndSwapInt, (Ljava/lang/Object;JII)Z
org/glassfish/grizzly/utils/ConcurrentHashMapV8, tryPresize, (I)V, sun/misc/Unsafe, compareAndSwapInt, (Ljava/lang/Object;JII)Z
org/glassfish/grizzly/utils/ConcurrentHashMapV8, tryPresize, (I)V, sun/misc/Unsafe, compareAndSwapInt, (Ljava/lang/Object;JII)Z
org/glassfish/grizzly/utils/ConcurrentHashMapV8, transfer, ([Lorg/glassfish/grizzly/utils/ConcurrentHashMapV8$Node;[Lorg/glassfish/grizzly/utils/ConcurrentHashMapV8$Node;)V, sun/misc/Unsafe, putOrderedInt, (Ljava/lang/Object;JI)V
org/glassfish/grizzly/utils/ConcurrentHashMapV8, transfer, ([Lorg/glassfish/grizzly/utils/ConcurrentHashMapV8$Node;[Lorg/glassfish/grizzly/utils/ConcurrentHashMapV8$Node;)V, sun/misc/Unsafe, compareAndSwapInt, (Ljava/lang/Object;JII)Z
org/glassfish/grizzly/utils/ConcurrentHashMapV8, transfer, ([Lorg/glassfish/grizzly/utils/ConcurrentHashMapV8$Node;[Lorg/glassfish/grizzly/utils/ConcurrentHashMapV8$Node;)V, sun/misc/Unsafe, compareAndSwapInt, (Ljava/lang/Object;JII)Z
org/glassfish/grizzly/utils/ConcurrentHashMapV8, treeifyBin, ([Lorg/glassfish/grizzly/utils/ConcurrentHashMapV8$Node;I)V, sun/misc/Unsafe, compareAndSwapInt, (Ljava/lang/Object;JII)Z
org/glassfish/grizzly/utils/ConcurrentHashMapV8, fullAddCount, (JLorg/glassfish/grizzly/utils/ConcurrentHashMapV8$CounterHashCode;Z)V, sun/misc/Unsafe, compareAndSwapInt, (Ljava/lang/Object;JII)Z
org/glassfish/grizzly/utils/ConcurrentHashMapV8, fullAddCount, (JLorg/glassfish/grizzly/utils/ConcurrentHashMapV8$CounterHashCode;Z)V, sun/misc/Unsafe, compareAndSwapLong, (Ljava/lang/Object;JJJ)Z
org/glassfish/grizzly/utils/ConcurrentHashMapV8, fullAddCount, (JLorg/glassfish/grizzly/utils/ConcurrentHashMapV8$CounterHashCode;Z)V, sun/misc/Unsafe, compareAndSwapInt, (Ljava/lang/Object;JII)Z
org/glassfish/grizzly/utils/ConcurrentHashMapV8, fullAddCount, (JLorg/glassfish/grizzly/utils/ConcurrentHashMapV8$CounterHashCode;Z)V, sun/misc/Unsafe, compareAndSwapInt, (Ljava/lang/Object;JII)Z
org/glassfish/grizzly/utils/ConcurrentHashMapV8, fullAddCount, (JLorg/glassfish/grizzly/utils/ConcurrentHashMapV8$CounterHashCode;Z)V, sun/misc/Unsafe, compareAndSwapLong, (Ljava/lang/Object;JJJ)Z
org/glassfish/grizzly/utils/ConcurrentHashMapV8, getUnsafe, ()Lsun/misc/Unsafe;, sun/misc/Unsafe, getUnsafe, ()Lsun/misc/Unsafe;
org/glassfish/grizzly/utils/ConcurrentHashMapV8, <clinit>, ()V, sun/misc/Unsafe, objectFieldOffset, (Ljava/lang/reflect/Field;)J
org/glassfish/grizzly/utils/ConcurrentHashMapV8, <clinit>, ()V, sun/misc/Unsafe, objectFieldOffset, (Ljava/lang/reflect/Field;)J
org/glassfish/grizzly/utils/ConcurrentHashMapV8, <clinit>, ()V, sun/misc/Unsafe, objectFieldOffset, (Ljava/lang/reflect/Field;)J
org/glassfish/grizzly/utils/ConcurrentHashMapV8, <clinit>, ()V, sun/misc/Unsafe, objectFieldOffset, (Ljava/lang/reflect/Field;)J
org/glassfish/grizzly/utils/ConcurrentHashMapV8, <clinit>, ()V, sun/misc/Unsafe, objectFieldOffset, (Ljava/lang/reflect/Field;)J
org/glassfish/grizzly/utils/ConcurrentHashMapV8, <clinit>, ()V, sun/misc/Unsafe, objectFieldOffset, (Ljava/lang/reflect/Field;)J
org/glassfish/grizzly/utils/ConcurrentHashMapV8, <clinit>, ()V, sun/misc/Unsafe, arrayBaseOffset, (Ljava/lang/Class;)I
org/glassfish/grizzly/utils/ConcurrentHashMapV8, <clinit>, ()V, sun/misc/Unsafe, arrayIndexScale, (Ljava/lang/Class;)I
org/glassfish/grizzly/utils/LinkedTransferQueue$Node, casNext, (Lorg/glassfish/grizzly/utils/LinkedTransferQueue$Node;Lorg/glassfish/grizzly/utils/LinkedTransferQueue$Node;)Z, sun/misc/Unsafe, compareAndSwapObject, (Ljava/lang/Object;JLjava/lang/Object;Ljava/lang/Object;)Z
org/glassfish/grizzly/utils/LinkedTransferQueue$Node, casItem, (Ljava/lang/Object;Ljava/lang/Object;)Z, sun/misc/Unsafe, compareAndSwapObject, (Ljava/lang/Object;JLjava/lang/Object;Ljava/lang/Object;)Z
org/glassfish/grizzly/utils/LinkedTransferQueue$Node, <init>, (Ljava/lang/Object;Z)V, sun/misc/Unsafe, putObject, (Ljava/lang/Object;JLjava/lang/Object;)V
org/glassfish/grizzly/utils/LinkedTransferQueue$Node, forgetNext, ()V, sun/misc/Unsafe, putObject, (Ljava/lang/Object;JLjava/lang/Object;)V
org/glassfish/grizzly/utils/LinkedTransferQueue$Node, forgetContents, ()V, sun/misc/Unsafe, putObject, (Ljava/lang/Object;JLjava/lang/Object;)V
org/glassfish/grizzly/utils/LinkedTransferQueue$Node, forgetContents, ()V, sun/misc/Unsafe, putObject, (Ljava/lang/Object;JLjava/lang/Object;)V
org/glassfish/grizzly/utils/LinkedTransferQueue$Node, <clinit>, ()V, sun/misc/Unsafe, objectFieldOffset, (Ljava/lang/reflect/Field;)J
org/glassfish/grizzly/utils/LinkedTransferQueue$Node, <clinit>, ()V, sun/misc/Unsafe, objectFieldOffset, (Ljava/lang/reflect/Field;)J
org/glassfish/grizzly/utils/LinkedTransferQueue$Node, <clinit>, ()V, sun/misc/Unsafe, objectFieldOffset, (Ljava/lang/reflect/Field;)J
org/glassfish/grizzly/utils/LinkedTransferQueue, casTail, (Lorg/glassfish/grizzly/utils/LinkedTransferQueue$Node;Lorg/glassfish/grizzly/utils/LinkedTransferQueue$Node;)Z, sun/misc/Unsafe, compareAndSwapObject, (Ljava/lang/Object;JLjava/lang/Object;Ljava/lang/Object;)Z
org/glassfish/grizzly/utils/LinkedTransferQueue, casHead, (Lorg/glassfish/grizzly/utils/LinkedTransferQueue$Node;Lorg/glassfish/grizzly/utils/LinkedTransferQueue$Node;)Z, sun/misc/Unsafe, compareAndSwapObject, (Ljava/lang/Object;JLjava/lang/Object;Ljava/lang/Object;)Z
org/glassfish/grizzly/utils/LinkedTransferQueue, casSweepVotes, (II)Z, sun/misc/Unsafe, compareAndSwapInt, (Ljava/lang/Object;JII)Z
org/glassfish/grizzly/utils/LinkedTransferQueue, getUnsafe, ()Lsun/misc/Unsafe;, sun/misc/Unsafe, getUnsafe, ()Lsun/misc/Unsafe;
org/glassfish/grizzly/utils/LinkedTransferQueue, <clinit>, ()V, sun/misc/Unsafe, objectFieldOffset, (Ljava/lang/reflect/Field;)J
org/glassfish/grizzly/utils/LinkedTransferQueue, <clinit>, ()V, sun/misc/Unsafe, objectFieldOffset, (Ljava/lang/reflect/Field;)J
org/glassfish/grizzly/utils/LinkedTransferQueue, <clinit>, ()V, sun/misc/Unsafe, objectFieldOffset, (Ljava/lang/reflect/Field;)J
com/google/common/cache/Striped64$Cell, cas, (JJ)Z, sun/misc/Unsafe, compareAndSwapLong, (Ljava/lang/Object;JJJ)Z
com/google/common/cache/Striped64$Cell, <clinit>, ()V, sun/misc/Unsafe, objectFieldOffset, (Ljava/lang/reflect/Field;)J
com/google/common/cache/Striped64, casBase, (JJ)Z, sun/misc/Unsafe, compareAndSwapLong, (Ljava/lang/Object;JJJ)Z
com/google/common/cache/Striped64, casBusy, ()Z, sun/misc/Unsafe, compareAndSwapInt, (Ljava/lang/Object;JII)Z
com/google/common/cache/Striped64, getUnsafe, ()Lsun/misc/Unsafe;, sun/misc/Unsafe, getUnsafe, ()Lsun/misc/Unsafe;
com/google/common/cache/Striped64, <clinit>, ()V, sun/misc/Unsafe, objectFieldOffset, (Ljava/lang/reflect/Field;)J
com/google/common/cache/Striped64, <clinit>, ()V, sun/misc/Unsafe, objectFieldOffset, (Ljava/lang/reflect/Field;)J
com/google/common/primitives/UnsignedBytes$LexicographicalComparatorHolder$UnsafeComparator, getUnsafe, ()Lsun/misc/Unsafe;, sun/misc/Unsafe, getUnsafe, ()Lsun/misc/Unsafe;
com/google/common/primitives/UnsignedBytes$LexicographicalComparatorHolder$UnsafeComparator, compare, ([B[B)I, sun/misc/Unsafe, getLong, (Ljava/lang/Object;J)J
com/google/common/primitives/UnsignedBytes$LexicographicalComparatorHolder$UnsafeComparator, compare, ([B[B)I, sun/misc/Unsafe, getLong, (Ljava/lang/Object;J)J
com/google/common/primitives/UnsignedBytes$LexicographicalComparatorHolder$UnsafeComparator, <clinit>, ()V, sun/misc/Unsafe, arrayBaseOffset, (Ljava/lang/Class;)I
com/google/common/primitives/UnsignedBytes$LexicographicalComparatorHolder$UnsafeComparator, <clinit>, ()V, sun/misc/Unsafe, arrayIndexScale, (Ljava/lang/Class;)I
com/twitter/finagle/thrift/Protocols$TFinagleBinaryProtocol$$anonfun$6, apply, (Lsun/misc/Unsafe;)J, sun/misc/Unsafe, objectFieldOffset, (Ljava/lang/reflect/Field;)J
com/twitter/finagle/thrift/Protocols$TFinagleBinaryProtocol$$anonfun$4, apply, (Lsun/misc/Unsafe;)J, sun/misc/Unsafe, objectFieldOffset, (Ljava/lang/reflect/Field;)J
com/twitter/finagle/thrift/Protocols$TFinagleBinaryProtocol$$anonfun$5, apply, (Lsun/misc/Unsafe;)J, sun/misc/Unsafe, objectFieldOffset, (Ljava/lang/reflect/Field;)J
com/twitter/finagle/thrift/Protocols$TFinagleBinaryProtocol, writeString, (Ljava/lang/String;)V, sun/misc/Unsafe, getObject, (Ljava/lang/Object;J)Ljava/lang/Object;
com/twitter/finagle/thrift/Protocols$TFinagleBinaryProtocol, writeString, (Ljava/lang/String;)V, sun/misc/Unsafe, getInt, (Ljava/lang/Object;J)I
com/twitter/finagle/thrift/Protocols$TFinagleBinaryProtocol, writeString, (Ljava/lang/String;)V, sun/misc/Unsafe, getInt, (Ljava/lang/Object;J)I
com/twitter/finagle/thrift/Protocols$, getUnsafe, ()Lsun/misc/Unsafe;, sun/misc/Unsafe, getUnsafe, ()Lsun/misc/Unsafe;
com/twitter/finagle/thrift/Protocols$TFinagleBinaryProtocol$$anonfun$4, apply, (Lsun/misc/Unsafe;)J, sun/misc/Unsafe, objectFieldOffset, (Ljava/lang/reflect/Field;)J
com/twitter/finagle/thrift/Protocols$TFinagleBinaryProtocol, writeString, (Ljava/lang/String;)V, sun/misc/Unsafe, getObject, (Ljava/lang/Object;J)Ljava/lang/Object;
com/twitter/finagle/thrift/Protocols$TFinagleBinaryProtocol, writeString, (Ljava/lang/String;)V, sun/misc/Unsafe, getInt, (Ljava/lang/Object;J)I
com/twitter/finagle/thrift/Protocols$TFinagleBinaryProtocol, writeString, (Ljava/lang/String;)V, sun/misc/Unsafe, getInt, (Ljava/lang/Object;J)I
com/twitter/finagle/thrift/Protocols$TFinagleBinaryProtocol$$anonfun$6, apply, (Lsun/misc/Unsafe;)J, sun/misc/Unsafe, objectFieldOffset, (Ljava/lang/reflect/Field;)J
com/twitter/finagle/thrift/Protocols$, getUnsafe, ()Lsun/misc/Unsafe;, sun/misc/Unsafe, getUnsafe, ()Lsun/misc/Unsafe;
com/twitter/finagle/thrift/Protocols$TFinagleBinaryProtocol$$anonfun$5, apply, (Lsun/misc/Unsafe;)J, sun/misc/Unsafe, objectFieldOffset, (Ljava/lang/reflect/Field;)J
org/nosceon/natrolite/AbstractPromise, update, (Lorg/nosceon/natrolite/AbstractPromise$State;Lorg/nosceon/natrolite/AbstractPromise$State;)Z, sun/misc/Unsafe, compareAndSwapObject, (Ljava/lang/Object;JLjava/lang/Object;Ljava/lang/Object;)Z
org/nosceon/natrolite/AbstractPromise, <clinit>, ()V, sun/misc/Unsafe, objectFieldOffset, (Ljava/lang/reflect/Field;)J
com/orientechnologies/common/comparator/OUnsafeByteArrayComparator, compare, ([B[B)I, sun/misc/Unsafe, getLong, (Ljava/lang/Object;J)J
com/orientechnologies/common/comparator/OUnsafeByteArrayComparator, compare, ([B[B)I, sun/misc/Unsafe, getLong, (Ljava/lang/Object;J)J
com/orientechnologies/common/comparator/OUnsafeByteArrayComparator, <clinit>, ()V, sun/misc/Unsafe, arrayBaseOffset, (Ljava/lang/Class;)I
com/orientechnologies/common/comparator/OUnsafeByteArrayComparator, <clinit>, ()V, sun/misc/Unsafe, arrayIndexScale, (Ljava/lang/Class;)I
com/orientechnologies/common/directmemory/OUnsafeMemory, allocate, (J)J, sun/misc/Unsafe, allocateMemory, (J)J
com/orientechnologies/common/directmemory/OUnsafeMemory, free, (J)V, sun/misc/Unsafe, freeMemory, (J)V
com/orientechnologies/common/directmemory/OUnsafeMemory, get, (JI)[B, sun/misc/Unsafe, getByte, (J)B
com/orientechnologies/common/directmemory/OUnsafeMemory, get, (J[BII)V, sun/misc/Unsafe, getByte, (J)B
com/orientechnologies/common/directmemory/OUnsafeMemory, set, (J[BII)V, sun/misc/Unsafe, putByte, (JB)V
com/orientechnologies/common/directmemory/OUnsafeMemory, getInt, (J)I, sun/misc/Unsafe, getInt, (J)I
com/orientechnologies/common/directmemory/OUnsafeMemory, getInt, (J)I, sun/misc/Unsafe, getByte, (J)B
com/orientechnologies/common/directmemory/OUnsafeMemory, getInt, (J)I, sun/misc/Unsafe, getByte, (J)B
com/orientechnologies/common/directmemory/OUnsafeMemory, getInt, (J)I, sun/misc/Unsafe, getByte, (J)B
com/orientechnologies/common/directmemory/OUnsafeMemory, getInt, (J)I, sun/misc/Unsafe, getByte, (J)B
com/orientechnologies/common/directmemory/OUnsafeMemory, setInt, (JI)V, sun/misc/Unsafe, putInt, (JI)V
com/orientechnologies/common/directmemory/OUnsafeMemory, setInt, (JI)V, sun/misc/Unsafe, putByte, (JB)V
com/orientechnologies/common/directmemory/OUnsafeMemory, setInt, (JI)V, sun/misc/Unsafe, putByte, (JB)V
com/orientechnologies/common/directmemory/OUnsafeMemory, setInt, (JI)V, sun/misc/Unsafe, putByte, (JB)V
com/orientechnologies/common/directmemory/OUnsafeMemory, setInt, (JI)V, sun/misc/Unsafe, putByte, (JB)V
com/orientechnologies/common/directmemory/OUnsafeMemory, setShort, (JS)V, sun/misc/Unsafe, putShort, (JS)V
com/orientechnologies/common/directmemory/OUnsafeMemory, setShort, (JS)V, sun/misc/Unsafe, putByte, (JB)V
com/orientechnologies/common/directmemory/OUnsafeMemory, setShort, (JS)V, sun/misc/Unsafe, putByte, (JB)V
com/orientechnologies/common/directmemory/OUnsafeMemory, getShort, (J)S, sun/misc/Unsafe, getShort, (J)S
com/orientechnologies/common/directmemory/OUnsafeMemory, getShort, (J)S, sun/misc/Unsafe, getByte, (J)B
com/orientechnologies/common/directmemory/OUnsafeMemory, getShort, (J)S, sun/misc/Unsafe, getByte, (J)B
com/orientechnologies/common/directmemory/OUnsafeMemory, setChar, (JC)V, sun/misc/Unsafe, putChar, (JC)V
com/orientechnologies/common/directmemory/OUnsafeMemory, setChar, (JC)V, sun/misc/Unsafe, putByte, (JB)V
com/orientechnologies/common/directmemory/OUnsafeMemory, setChar, (JC)V, sun/misc/Unsafe, putByte, (JB)V
com/orientechnologies/common/directmemory/OUnsafeMemory, getChar, (J)C, sun/misc/Unsafe, getChar, (J)C
com/orientechnologies/common/directmemory/OUnsafeMemory, getChar, (J)C, sun/misc/Unsafe, getByte, (J)B
com/orientechnologies/common/directmemory/OUnsafeMemory, getChar, (J)C, sun/misc/Unsafe, getByte, (J)B
com/orientechnologies/common/directmemory/OUnsafeMemory, getLong, (J)J, sun/misc/Unsafe, getLong, (J)J
com/orientechnologies/common/directmemory/OUnsafeMemory, getLong, (J)J, sun/misc/Unsafe, getByte, (J)B
com/orientechnologies/common/directmemory/OUnsafeMemory, getLong, (J)J, sun/misc/Unsafe, getByte, (J)B
com/orientechnologies/common/directmemory/OUnsafeMemory, getLong, (J)J, sun/misc/Unsafe, getByte, (J)B
com/orientechnologies/common/directmemory/OUnsafeMemory, getLong, (J)J, sun/misc/Unsafe, getByte, (J)B
com/orientechnologies/common/directmemory/OUnsafeMemory, getLong, (J)J, sun/misc/Unsafe, getByte, (J)B
com/orientechnologies/common/directmemory/OUnsafeMemory, getLong, (J)J, sun/misc/Unsafe, getByte, (J)B
com/orientechnologies/common/directmemory/OUnsafeMemory, getLong, (J)J, sun/misc/Unsafe, getByte, (J)B
com/orientechnologies/common/directmemory/OUnsafeMemory, getLong, (J)J, sun/misc/Unsafe, getByte, (J)B
com/orientechnologies/common/directmemory/OUnsafeMemory, setLong, (JJ)V, sun/misc/Unsafe, putLong, (JJ)V
com/orientechnologies/common/directmemory/OUnsafeMemory, setLong, (JJ)V, sun/misc/Unsafe, putByte, (JB)V
com/orientechnologies/common/directmemory/OUnsafeMemory, setLong, (JJ)V, sun/misc/Unsafe, putByte, (JB)V
com/orientechnologies/common/directmemory/OUnsafeMemory, setLong, (JJ)V, sun/misc/Unsafe, putByte, (JB)V
com/orientechnologies/common/directmemory/OUnsafeMemory, setLong, (JJ)V, sun/misc/Unsafe, putByte, (JB)V
com/orientechnologies/common/directmemory/OUnsafeMemory, setLong, (JJ)V, sun/misc/Unsafe, putByte, (JB)V
com/orientechnologies/common/directmemory/OUnsafeMemory, setLong, (JJ)V, sun/misc/Unsafe, putByte, (JB)V
com/orientechnologies/common/directmemory/OUnsafeMemory, setLong, (JJ)V, sun/misc/Unsafe, putByte, (JB)V
com/orientechnologies/common/directmemory/OUnsafeMemory, setLong, (JJ)V, sun/misc/Unsafe, putByte, (JB)V
com/orientechnologies/common/directmemory/OUnsafeMemory, getByte, (J)B, sun/misc/Unsafe, getByte, (J)B
com/orientechnologies/common/directmemory/OUnsafeMemory, setByte, (JB)V, sun/misc/Unsafe, putByte, (JB)V
com/orientechnologies/common/directmemory/OUnsafeMemory, moveData, (JJJ)V, sun/misc/Unsafe, copyMemory, (JJJ)V
com/orientechnologies/common/directmemory/OUnsafeMemoryJava7, get, (JI)[B, sun/misc/Unsafe, arrayBaseOffset, (Ljava/lang/Class;)I
com/orientechnologies/common/directmemory/OUnsafeMemoryJava7, get, (JI)[B, sun/misc/Unsafe, copyMemory, (Ljava/lang/Object;JLjava/lang/Object;JJ)V
com/orientechnologies/common/directmemory/OUnsafeMemoryJava7, get, (J[BII)V, sun/misc/Unsafe, arrayBaseOffset, (Ljava/lang/Class;)I
com/orientechnologies/common/directmemory/OUnsafeMemoryJava7, get, (J[BII)V, sun/misc/Unsafe, copyMemory, (Ljava/lang/Object;JLjava/lang/Object;JJ)V
com/orientechnologies/common/directmemory/OUnsafeMemoryJava7, set, (J[BII)V, sun/misc/Unsafe, arrayBaseOffset, (Ljava/lang/Class;)I
com/orientechnologies/common/directmemory/OUnsafeMemoryJava7, set, (J[BII)V, sun/misc/Unsafe, copyMemory, (Ljava/lang/Object;JLjava/lang/Object;JJ)V
com/orientechnologies/common/serialization/OUnsafeBinaryConverter, putShort, ([BISLjava/nio/ByteOrder;)V, sun/misc/Unsafe, putShort, (Ljava/lang/Object;JS)V
com/orientechnologies/common/serialization/OUnsafeBinaryConverter, getShort, ([BILjava/nio/ByteOrder;)S, sun/misc/Unsafe, getShort, (Ljava/lang/Object;J)S
com/orientechnologies/common/serialization/OUnsafeBinaryConverter, putInt, ([BIILjava/nio/ByteOrder;)V, sun/misc/Unsafe, putInt, (Ljava/lang/Object;JI)V
com/orientechnologies/common/serialization/OUnsafeBinaryConverter, getInt, ([BILjava/nio/ByteOrder;)I, sun/misc/Unsafe, getInt, (Ljava/lang/Object;J)I
com/orientechnologies/common/serialization/OUnsafeBinaryConverter, putLong, ([BIJLjava/nio/ByteOrder;)V, sun/misc/Unsafe, putLong, (Ljava/lang/Object;JJ)V
com/orientechnologies/common/serialization/OUnsafeBinaryConverter, getLong, ([BILjava/nio/ByteOrder;)J, sun/misc/Unsafe, getLong, (Ljava/lang/Object;J)J
com/orientechnologies/common/serialization/OUnsafeBinaryConverter, putChar, ([BICLjava/nio/ByteOrder;)V, sun/misc/Unsafe, putChar, (Ljava/lang/Object;JC)V
com/orientechnologies/common/serialization/OUnsafeBinaryConverter, getChar, ([BILjava/nio/ByteOrder;)C, sun/misc/Unsafe, getChar, (Ljava/lang/Object;J)C
com/orientechnologies/common/serialization/OUnsafeBinaryConverter, <clinit>, ()V, sun/misc/Unsafe, arrayBaseOffset, (Ljava/lang/Class;)I
scala/concurrent/forkjoin/CountedCompleter, addToPendingCount, (I)V, sun/misc/Unsafe, compareAndSwapInt, (Ljava/lang/Object;JII)Z
scala/concurrent/forkjoin/CountedCompleter, compareAndSetPendingCount, (II)Z, sun/misc/Unsafe, compareAndSwapInt, (Ljava/lang/Object;JII)Z
scala/concurrent/forkjoin/CountedCompleter, decrementPendingCountUnlessZero, ()I, sun/misc/Unsafe, compareAndSwapInt, (Ljava/lang/Object;JII)Z
scala/concurrent/forkjoin/CountedCompleter, tryComplete, ()V, sun/misc/Unsafe, compareAndSwapInt, (Ljava/lang/Object;JII)Z
scala/concurrent/forkjoin/CountedCompleter, propagateCompletion, ()V, sun/misc/Unsafe, compareAndSwapInt, (Ljava/lang/Object;JII)Z
scala/concurrent/forkjoin/CountedCompleter, firstComplete, ()Lscala/concurrent/forkjoin/CountedCompleter;, sun/misc/Unsafe, compareAndSwapInt, (Ljava/lang/Object;JII)Z
scala/concurrent/forkjoin/CountedCompleter, <clinit>, ()V, sun/misc/Unsafe, objectFieldOffset, (Ljava/lang/reflect/Field;)J
scala/concurrent/forkjoin/ForkJoinPool$WorkQueue, isEmpty, ()Z, sun/misc/Unsafe, getObject, (Ljava/lang/Object;J)Ljava/lang/Object;
scala/concurrent/forkjoin/ForkJoinPool$WorkQueue, push, (Lscala/concurrent/forkjoin/ForkJoinTask;)V, sun/misc/Unsafe, putOrderedObject, (Ljava/lang/Object;JLjava/lang/Object;)V
scala/concurrent/forkjoin/ForkJoinPool$WorkQueue, growArray, ()[Lscala/concurrent/forkjoin/ForkJoinTask;, sun/misc/Unsafe, getObjectVolatile, (Ljava/lang/Object;J)Ljava/lang/Object;
scala/concurrent/forkjoin/ForkJoinPool$WorkQueue, growArray, ()[Lscala/concurrent/forkjoin/ForkJoinTask;, sun/misc/Unsafe, compareAndSwapObject, (Ljava/lang/Object;JLjava/lang/Object;Ljava/lang/Object;)Z
scala/concurrent/forkjoin/ForkJoinPool$WorkQueue, growArray, ()[Lscala/concurrent/forkjoin/ForkJoinTask;, sun/misc/Unsafe, putObjectVolatile, (Ljava/lang/Object;JLjava/lang/Object;)V
scala/concurrent/forkjoin/ForkJoinPool$WorkQueue, pop, ()Lscala/concurrent/forkjoin/ForkJoinTask;, sun/misc/Unsafe, getObject, (Ljava/lang/Object;J)Ljava/lang/Object;
scala/concurrent/forkjoin/ForkJoinPool$WorkQueue, pop, ()Lscala/concurrent/forkjoin/ForkJoinTask;, sun/misc/Unsafe, compareAndSwapObject, (Ljava/lang/Object;JLjava/lang/Object;Ljava/lang/Object;)Z
scala/concurrent/forkjoin/ForkJoinPool$WorkQueue, pollAt, (I)Lscala/concurrent/forkjoin/ForkJoinTask;, sun/misc/Unsafe, getObjectVolatile, (Ljava/lang/Object;J)Ljava/lang/Object;
scala/concurrent/forkjoin/ForkJoinPool$WorkQueue, pollAt, (I)Lscala/concurrent/forkjoin/ForkJoinTask;, sun/misc/Unsafe, compareAndSwapObject, (Ljava/lang/Object;JLjava/lang/Object;Ljava/lang/Object;)Z
scala/concurrent/forkjoin/ForkJoinPool$WorkQueue, poll, ()Lscala/concurrent/forkjoin/ForkJoinTask;, sun/misc/Unsafe, getObjectVolatile, (Ljava/lang/Object;J)Ljava/lang/Object;
scala/concurrent/forkjoin/ForkJoinPool$WorkQueue, poll, ()Lscala/concurrent/forkjoin/ForkJoinTask;, sun/misc/Unsafe, compareAndSwapObject, (Ljava/lang/Object;JLjava/lang/Object;Ljava/lang/Object;)Z
scala/concurrent/forkjoin/ForkJoinPool$WorkQueue, peek, ()Lscala/concurrent/forkjoin/ForkJoinTask;, sun/misc/Unsafe, getObjectVolatile, (Ljava/lang/Object;J)Ljava/lang/Object;
scala/concurrent/forkjoin/ForkJoinPool$WorkQueue, tryUnpush, (Lscala/concurrent/forkjoin/ForkJoinTask;)Z, sun/misc/Unsafe, compareAndSwapObject, (Ljava/lang/Object;JLjava/lang/Object;Ljava/lang/Object;)Z
scala/concurrent/forkjoin/ForkJoinPool$WorkQueue, popAndExecAll, ()V, sun/misc/Unsafe, getObject, (Ljava/lang/Object;J)Ljava/lang/Object;
scala/concurrent/forkjoin/ForkJoinPool$WorkQueue, popAndExecAll, ()V, sun/misc/Unsafe, compareAndSwapObject, (Ljava/lang/Object;JLjava/lang/Object;Ljava/lang/Object;)Z
scala/concurrent/forkjoin/ForkJoinPool$WorkQueue, tryRemoveAndExec, (Lscala/concurrent/forkjoin/ForkJoinTask;)Z, sun/misc/Unsafe, getObjectVolatile, (Ljava/lang/Object;J)Ljava/lang/Object;
scala/concurrent/forkjoin/ForkJoinPool$WorkQueue, tryRemoveAndExec, (Lscala/concurrent/forkjoin/ForkJoinTask;)Z, sun/misc/Unsafe, compareAndSwapObject, (Ljava/lang/Object;JLjava/lang/Object;Ljava/lang/Object;)Z
scala/concurrent/forkjoin/ForkJoinPool$WorkQueue, tryRemoveAndExec, (Lscala/concurrent/forkjoin/ForkJoinTask;)Z, sun/misc/Unsafe, compareAndSwapObject, (Ljava/lang/Object;JLjava/lang/Object;Ljava/lang/Object;)Z
scala/concurrent/forkjoin/ForkJoinPool$WorkQueue, tryRemoveAndExec, (Lscala/concurrent/forkjoin/ForkJoinTask;)Z, sun/misc/Unsafe, compareAndSwapObject, (Ljava/lang/Object;JLjava/lang/Object;Ljava/lang/Object;)Z
scala/concurrent/forkjoin/ForkJoinPool$WorkQueue, pollAndExecCC, (Lscala/concurrent/forkjoin/ForkJoinTask;)Z, sun/misc/Unsafe, getObject, (Ljava/lang/Object;J)Ljava/lang/Object;
scala/concurrent/forkjoin/ForkJoinPool$WorkQueue, pollAndExecCC, (Lscala/concurrent/forkjoin/ForkJoinTask;)Z, sun/misc/Unsafe, compareAndSwapObject, (Ljava/lang/Object;JLjava/lang/Object;Ljava/lang/Object;)Z
scala/concurrent/forkjoin/ForkJoinPool$WorkQueue, <clinit>, ()V, sun/misc/Unsafe, objectFieldOffset, (Ljava/lang/reflect/Field;)J
scala/concurrent/forkjoin/ForkJoinPool$WorkQueue, <clinit>, ()V, sun/misc/Unsafe, arrayBaseOffset, (Ljava/lang/Class;)I
scala/concurrent/forkjoin/ForkJoinPool$WorkQueue, <clinit>, ()V, sun/misc/Unsafe, arrayIndexScale, (Ljava/lang/Class;)I
scala/concurrent/forkjoin/ForkJoinPool, acquirePlock, ()I, sun/misc/Unsafe, compareAndSwapInt, (Ljava/lang/Object;JII)Z
scala/concurrent/forkjoin/ForkJoinPool, acquirePlock, ()I, sun/misc/Unsafe, compareAndSwapInt, (Ljava/lang/Object;JII)Z
scala/concurrent/forkjoin/ForkJoinPool, tryAddWorker, ()V, sun/misc/Unsafe, compareAndSwapLong, (Ljava/lang/Object;JJJ)Z
scala/concurrent/forkjoin/ForkJoinPool, registerWorker, (Lscala/concurrent/forkjoin/ForkJoinWorkerThread;)Lscala/concurrent/forkjoin/ForkJoinPool$WorkQueue;, sun/misc/Unsafe, compareAndSwapInt, (Ljava/lang/Object;JII)Z
scala/concurrent/forkjoin/ForkJoinPool, registerWorker, (Lscala/concurrent/forkjoin/ForkJoinWorkerThread;)Lscala/concurrent/forkjoin/ForkJoinPool$WorkQueue;, sun/misc/Unsafe, compareAndSwapInt, (Ljava/lang/Object;JII)Z
scala/concurrent/forkjoin/ForkJoinPool, registerWorker, (Lscala/concurrent/forkjoin/ForkJoinWorkerThread;)Lscala/concurrent/forkjoin/ForkJoinPool$WorkQueue;, sun/misc/Unsafe, compareAndSwapInt, (Ljava/lang/Object;JII)Z
scala/concurrent/forkjoin/ForkJoinPool, registerWorker, (Lscala/concurrent/forkjoin/ForkJoinWorkerThread;)Lscala/concurrent/forkjoin/ForkJoinPool$WorkQueue;, sun/misc/Unsafe, compareAndSwapInt, (Ljava/lang/Object;JII)Z
scala/concurrent/forkjoin/ForkJoinPool, deregisterWorker, (Lscala/concurrent/forkjoin/ForkJoinWorkerThread;Ljava/lang/Throwable;)V, sun/misc/Unsafe, compareAndSwapLong, (Ljava/lang/Object;JJJ)Z
scala/concurrent/forkjoin/ForkJoinPool, deregisterWorker, (Lscala/concurrent/forkjoin/ForkJoinWorkerThread;Ljava/lang/Throwable;)V, sun/misc/Unsafe, compareAndSwapInt, (Ljava/lang/Object;JII)Z
scala/concurrent/forkjoin/ForkJoinPool, deregisterWorker, (Lscala/concurrent/forkjoin/ForkJoinWorkerThread;Ljava/lang/Throwable;)V, sun/misc/Unsafe, compareAndSwapInt, (Ljava/lang/Object;JII)Z
scala/concurrent/forkjoin/ForkJoinPool, deregisterWorker, (Lscala/concurrent/forkjoin/ForkJoinWorkerThread;Ljava/lang/Throwable;)V, sun/misc/Unsafe, compareAndSwapInt, (Ljava/lang/Object;JII)Z
scala/concurrent/forkjoin/ForkJoinPool, deregisterWorker, (Lscala/concurrent/forkjoin/ForkJoinWorkerThread;Ljava/lang/Throwable;)V, sun/misc/Unsafe, compareAndSwapLong, (Ljava/lang/Object;JJJ)Z
scala/concurrent/forkjoin/ForkJoinPool, deregisterWorker, (Lscala/concurrent/forkjoin/ForkJoinWorkerThread;Ljava/lang/Throwable;)V, sun/misc/Unsafe, compareAndSwapLong, (Ljava/lang/Object;JJJ)Z
scala/concurrent/forkjoin/ForkJoinPool, deregisterWorker, (Lscala/concurrent/forkjoin/ForkJoinWorkerThread;Ljava/lang/Throwable;)V, sun/misc/Unsafe, unpark, (Ljava/lang/Object;)V
scala/concurrent/forkjoin/ForkJoinPool, externalPush, (Lscala/concurrent/forkjoin/ForkJoinTask;)V, sun/misc/Unsafe, compareAndSwapInt, (Ljava/lang/Object;JII)Z
scala/concurrent/forkjoin/ForkJoinPool, externalPush, (Lscala/concurrent/forkjoin/ForkJoinTask;)V, sun/misc/Unsafe, putOrderedObject, (Ljava/lang/Object;JLjava/lang/Object;)V
scala/concurrent/forkjoin/ForkJoinPool, fullExternalPush, (Lscala/concurrent/forkjoin/ForkJoinTask;)V, sun/misc/Unsafe, compareAndSwapInt, (Ljava/lang/Object;JII)Z
scala/concurrent/forkjoin/ForkJoinPool, fullExternalPush, (Lscala/concurrent/forkjoin/ForkJoinTask;)V, sun/misc/Unsafe, compareAndSwapInt, (Ljava/lang/Object;JII)Z
scala/concurrent/forkjoin/ForkJoinPool, fullExternalPush, (Lscala/concurrent/forkjoin/ForkJoinTask;)V, sun/misc/Unsafe, compareAndSwapInt, (Ljava/lang/Object;JII)Z
scala/concurrent/forkjoin/ForkJoinPool, fullExternalPush, (Lscala/concurrent/forkjoin/ForkJoinTask;)V, sun/misc/Unsafe, compareAndSwapInt, (Ljava/lang/Object;JII)Z
scala/concurrent/forkjoin/ForkJoinPool, fullExternalPush, (Lscala/concurrent/forkjoin/ForkJoinTask;)V, sun/misc/Unsafe, putOrderedObject, (Ljava/lang/Object;JLjava/lang/Object;)V
scala/concurrent/forkjoin/ForkJoinPool, fullExternalPush, (Lscala/concurrent/forkjoin/ForkJoinTask;)V, sun/misc/Unsafe, compareAndSwapInt, (Ljava/lang/Object;JII)Z
scala/concurrent/forkjoin/ForkJoinPool, fullExternalPush, (Lscala/concurrent/forkjoin/ForkJoinTask;)V, sun/misc/Unsafe, compareAndSwapInt, (Ljava/lang/Object;JII)Z
scala/concurrent/forkjoin/ForkJoinPool, incrementActiveCount, ()V, sun/misc/Unsafe, compareAndSwapLong, (Ljava/lang/Object;JJJ)Z
scala/concurrent/forkjoin/ForkJoinPool, signalWork, (Lscala/concurrent/forkjoin/ForkJoinPool$WorkQueue;)V, sun/misc/Unsafe, compareAndSwapLong, (Ljava/lang/Object;JJJ)Z
scala/concurrent/forkjoin/ForkJoinPool, signalWork, (Lscala/concurrent/forkjoin/ForkJoinPool$WorkQueue;)V, sun/misc/Unsafe, unpark, (Ljava/lang/Object;)V
scala/concurrent/forkjoin/ForkJoinPool, scan, (Lscala/concurrent/forkjoin/ForkJoinPool$WorkQueue;)Lscala/concurrent/forkjoin/ForkJoinTask;, sun/misc/Unsafe, getObjectVolatile, (Ljava/lang/Object;J)Ljava/lang/Object;
scala/concurrent/forkjoin/ForkJoinPool, scan, (Lscala/concurrent/forkjoin/ForkJoinPool$WorkQueue;)Lscala/concurrent/forkjoin/ForkJoinTask;, sun/misc/Unsafe, compareAndSwapObject, (Ljava/lang/Object;JLjava/lang/Object;Ljava/lang/Object;)Z
scala/concurrent/forkjoin/ForkJoinPool, scan, (Lscala/concurrent/forkjoin/ForkJoinPool$WorkQueue;)Lscala/concurrent/forkjoin/ForkJoinTask;, sun/misc/Unsafe, compareAndSwapLong, (Ljava/lang/Object;JJJ)Z
scala/concurrent/forkjoin/ForkJoinPool, scan, (Lscala/concurrent/forkjoin/ForkJoinPool$WorkQueue;)Lscala/concurrent/forkjoin/ForkJoinTask;, sun/misc/Unsafe, compareAndSwapLong, (Ljava/lang/Object;JJJ)Z
scala/concurrent/forkjoin/ForkJoinPool, scan, (Lscala/concurrent/forkjoin/ForkJoinPool$WorkQueue;)Lscala/concurrent/forkjoin/ForkJoinTask;, sun/misc/Unsafe, putObject, (Ljava/lang/Object;JLjava/lang/Object;)V
scala/concurrent/forkjoin/ForkJoinPool, scan, (Lscala/concurrent/forkjoin/ForkJoinPool$WorkQueue;)Lscala/concurrent/forkjoin/ForkJoinTask;, sun/misc/Unsafe, park, (ZJ)V
scala/concurrent/forkjoin/ForkJoinPool, scan, (Lscala/concurrent/forkjoin/ForkJoinPool$WorkQueue;)Lscala/concurrent/forkjoin/ForkJoinTask;, sun/misc/Unsafe, putObject, (Ljava/lang/Object;JLjava/lang/Object;)V
scala/concurrent/forkjoin/ForkJoinPool, scan, (Lscala/concurrent/forkjoin/ForkJoinPool$WorkQueue;)Lscala/concurrent/forkjoin/ForkJoinTask;, sun/misc/Unsafe, compareAndSwapLong, (Ljava/lang/Object;JJJ)Z
scala/concurrent/forkjoin/ForkJoinPool, scan, (Lscala/concurrent/forkjoin/ForkJoinPool$WorkQueue;)Lscala/concurrent/forkjoin/ForkJoinTask;, sun/misc/Unsafe, unpark, (Ljava/lang/Object;)V
scala/concurrent/forkjoin/ForkJoinPool, idleAwaitWork, (Lscala/concurrent/forkjoin/ForkJoinPool$WorkQueue;JJ)V, sun/misc/Unsafe, putObject, (Ljava/lang/Object;JLjava/lang/Object;)V
scala/concurrent/forkjoin/ForkJoinPool, idleAwaitWork, (Lscala/concurrent/forkjoin/ForkJoinPool$WorkQueue;JJ)V, sun/misc/Unsafe, park, (ZJ)V
scala/concurrent/forkjoin/ForkJoinPool, idleAwaitWork, (Lscala/concurrent/forkjoin/ForkJoinPool$WorkQueue;JJ)V, sun/misc/Unsafe, putObject, (Ljava/lang/Object;JLjava/lang/Object;)V
scala/concurrent/forkjoin/ForkJoinPool, idleAwaitWork, (Lscala/concurrent/forkjoin/ForkJoinPool$WorkQueue;JJ)V, sun/misc/Unsafe, compareAndSwapLong, (Ljava/lang/Object;JJJ)Z
scala/concurrent/forkjoin/ForkJoinPool, helpSignal, (Lscala/concurrent/forkjoin/ForkJoinTask;I)V, sun/misc/Unsafe, compareAndSwapLong, (Ljava/lang/Object;JJJ)Z
scala/concurrent/forkjoin/ForkJoinPool, helpSignal, (Lscala/concurrent/forkjoin/ForkJoinTask;I)V, sun/misc/Unsafe, unpark, (Ljava/lang/Object;)V
scala/concurrent/forkjoin/ForkJoinPool, tryHelpStealer, (Lscala/concurrent/forkjoin/ForkJoinPool$WorkQueue;Lscala/concurrent/forkjoin/ForkJoinTask;)I, sun/misc/Unsafe, getObjectVolatile, (Ljava/lang/Object;J)Ljava/lang/Object;
scala/concurrent/forkjoin/ForkJoinPool, tryHelpStealer, (Lscala/concurrent/forkjoin/ForkJoinPool$WorkQueue;Lscala/concurrent/forkjoin/ForkJoinTask;)I, sun/misc/Unsafe, compareAndSwapObject, (Ljava/lang/Object;JLjava/lang/Object;Ljava/lang/Object;)Z
scala/concurrent/forkjoin/ForkJoinPool, tryCompensate, ()Z, sun/misc/Unsafe, compareAndSwapLong, (Ljava/lang/Object;JJJ)Z
scala/concurrent/forkjoin/ForkJoinPool, tryCompensate, ()Z, sun/misc/Unsafe, unpark, (Ljava/lang/Object;)V
scala/concurrent/forkjoin/ForkJoinPool, tryCompensate, ()Z, sun/misc/Unsafe, compareAndSwapLong, (Ljava/lang/Object;JJJ)Z
scala/concurrent/forkjoin/ForkJoinPool, tryCompensate, ()Z, sun/misc/Unsafe, compareAndSwapLong, (Ljava/lang/Object;JJJ)Z
scala/concurrent/forkjoin/ForkJoinPool, awaitJoin, (Lscala/concurrent/forkjoin/ForkJoinPool$WorkQueue;Lscala/concurrent/forkjoin/ForkJoinTask;)I, sun/misc/Unsafe, compareAndSwapLong, (Ljava/lang/Object;JJJ)Z
scala/concurrent/forkjoin/ForkJoinPool, helpQuiescePool, (Lscala/concurrent/forkjoin/ForkJoinPool$WorkQueue;)V, sun/misc/Unsafe, compareAndSwapLong, (Ljava/lang/Object;JJJ)Z
scala/concurrent/forkjoin/ForkJoinPool, helpQuiescePool, (Lscala/concurrent/forkjoin/ForkJoinPool$WorkQueue;)V, sun/misc/Unsafe, compareAndSwapLong, (Ljava/lang/Object;JJJ)Z
scala/concurrent/forkjoin/ForkJoinPool, helpQuiescePool, (Lscala/concurrent/forkjoin/ForkJoinPool$WorkQueue;)V, sun/misc/Unsafe, compareAndSwapLong, (Ljava/lang/Object;JJJ)Z
scala/concurrent/forkjoin/ForkJoinPool, tryTerminate, (ZZ)Z, sun/misc/Unsafe, compareAndSwapInt, (Ljava/lang/Object;JII)Z
scala/concurrent/forkjoin/ForkJoinPool, tryTerminate, (ZZ)Z, sun/misc/Unsafe, compareAndSwapInt, (Ljava/lang/Object;JII)Z
scala/concurrent/forkjoin/ForkJoinPool, tryTerminate, (ZZ)Z, sun/misc/Unsafe, compareAndSwapLong, (Ljava/lang/Object;JJJ)Z
scala/concurrent/forkjoin/ForkJoinPool, tryTerminate, (ZZ)Z, sun/misc/Unsafe, unpark, (Ljava/lang/Object;)V
scala/concurrent/forkjoin/ForkJoinPool, tryTerminate, (ZZ)Z, sun/misc/Unsafe, compareAndSwapLong, (Ljava/lang/Object;JJJ)Z
scala/concurrent/forkjoin/ForkJoinPool, tryTerminate, (ZZ)Z, sun/misc/Unsafe, unpark, (Ljava/lang/Object;)V
scala/concurrent/forkjoin/ForkJoinPool, tryExternalUnpush, (Lscala/concurrent/forkjoin/ForkJoinTask;)Z, sun/misc/Unsafe, getObject, (Ljava/lang/Object;J)Ljava/lang/Object;
scala/concurrent/forkjoin/ForkJoinPool, tryExternalUnpush, (Lscala/concurrent/forkjoin/ForkJoinTask;)Z, sun/misc/Unsafe, compareAndSwapInt, (Ljava/lang/Object;JII)Z
scala/concurrent/forkjoin/ForkJoinPool, tryExternalUnpush, (Lscala/concurrent/forkjoin/ForkJoinTask;)Z, sun/misc/Unsafe, compareAndSwapObject, (Ljava/lang/Object;JLjava/lang/Object;Ljava/lang/Object;)Z
scala/concurrent/forkjoin/ForkJoinPool, externalHelpComplete, (Lscala/concurrent/forkjoin/ForkJoinPool$WorkQueue;Lscala/concurrent/forkjoin/ForkJoinTask;)V, sun/misc/Unsafe, getObject, (Ljava/lang/Object;J)Ljava/lang/Object;
scala/concurrent/forkjoin/ForkJoinPool, externalHelpComplete, (Lscala/concurrent/forkjoin/ForkJoinPool$WorkQueue;Lscala/concurrent/forkjoin/ForkJoinTask;)V, sun/misc/Unsafe, compareAndSwapInt, (Ljava/lang/Object;JII)Z
scala/concurrent/forkjoin/ForkJoinPool, externalHelpComplete, (Lscala/concurrent/forkjoin/ForkJoinPool$WorkQueue;Lscala/concurrent/forkjoin/ForkJoinTask;)V, sun/misc/Unsafe, compareAndSwapObject, (Ljava/lang/Object;JLjava/lang/Object;Ljava/lang/Object;)Z
scala/concurrent/forkjoin/ForkJoinPool, externalHelpJoin, (Lscala/concurrent/forkjoin/ForkJoinTask;)V, sun/misc/Unsafe, getObject, (Ljava/lang/Object;J)Ljava/lang/Object;
scala/concurrent/forkjoin/ForkJoinPool, externalHelpJoin, (Lscala/concurrent/forkjoin/ForkJoinTask;)V, sun/misc/Unsafe, compareAndSwapInt, (Ljava/lang/Object;JII)Z
scala/concurrent/forkjoin/ForkJoinPool, externalHelpJoin, (Lscala/concurrent/forkjoin/ForkJoinTask;)V, sun/misc/Unsafe, compareAndSwapObject, (Ljava/lang/Object;JLjava/lang/Object;Ljava/lang/Object;)Z
scala/concurrent/forkjoin/ForkJoinPool, <clinit>, ()V, sun/misc/Unsafe, objectFieldOffset, (Ljava/lang/reflect/Field;)J
scala/concurrent/forkjoin/ForkJoinPool, <clinit>, ()V, sun/misc/Unsafe, objectFieldOffset, (Ljava/lang/reflect/Field;)J
scala/concurrent/forkjoin/ForkJoinPool, <clinit>, ()V, sun/misc/Unsafe, objectFieldOffset, (Ljava/lang/reflect/Field;)J
scala/concurrent/forkjoin/ForkJoinPool, <clinit>, ()V, sun/misc/Unsafe, objectFieldOffset, (Ljava/lang/reflect/Field;)J
scala/concurrent/forkjoin/ForkJoinPool, <clinit>, ()V, sun/misc/Unsafe, objectFieldOffset, (Ljava/lang/reflect/Field;)J
scala/concurrent/forkjoin/ForkJoinPool, <clinit>, ()V, sun/misc/Unsafe, objectFieldOffset, (Ljava/lang/reflect/Field;)J
scala/concurrent/forkjoin/ForkJoinPool, <clinit>, ()V, sun/misc/Unsafe, arrayBaseOffset, (Ljava/lang/Class;)I
scala/concurrent/forkjoin/ForkJoinPool, <clinit>, ()V, sun/misc/Unsafe, arrayIndexScale, (Ljava/lang/Class;)I
scala/concurrent/forkjoin/ForkJoinTask, setCompletion, (I)I, sun/misc/Unsafe, compareAndSwapInt, (Ljava/lang/Object;JII)Z
scala/concurrent/forkjoin/ForkJoinTask, trySetSignal, ()Z, sun/misc/Unsafe, compareAndSwapInt, (Ljava/lang/Object;JII)Z
scala/concurrent/forkjoin/ForkJoinTask, externalAwaitDone, ()I, sun/misc/Unsafe, compareAndSwapInt, (Ljava/lang/Object;JII)Z
scala/concurrent/forkjoin/ForkJoinTask, externalInterruptibleAwaitDone, ()I, sun/misc/Unsafe, compareAndSwapInt, (Ljava/lang/Object;JII)Z
scala/concurrent/forkjoin/ForkJoinTask, get, (JLjava/util/concurrent/TimeUnit;)Ljava/lang/Object;, sun/misc/Unsafe, compareAndSwapInt, (Ljava/lang/Object;JII)Z
scala/concurrent/forkjoin/ForkJoinTask, setForkJoinTaskTag, (S)S, sun/misc/Unsafe, compareAndSwapInt, (Ljava/lang/Object;JII)Z
scala/concurrent/forkjoin/ForkJoinTask, compareAndSetForkJoinTaskTag, (SS)Z, sun/misc/Unsafe, compareAndSwapInt, (Ljava/lang/Object;JII)Z
scala/concurrent/forkjoin/ForkJoinTask, <clinit>, ()V, sun/misc/Unsafe, objectFieldOffset, (Ljava/lang/reflect/Field;)J
scala/concurrent/forkjoin/LinkedTransferQueue$Node, casNext, (Lscala/concurrent/forkjoin/LinkedTransferQueue$Node;Lscala/concurrent/forkjoin/LinkedTransferQueue$Node;)Z, sun/misc/Unsafe, compareAndSwapObject, (Ljava/lang/Object;JLjava/lang/Object;Ljava/lang/Object;)Z
scala/concurrent/forkjoin/LinkedTransferQueue$Node, casItem, (Ljava/lang/Object;Ljava/lang/Object;)Z, sun/misc/Unsafe, compareAndSwapObject, (Ljava/lang/Object;JLjava/lang/Object;Ljava/lang/Object;)Z
scala/concurrent/forkjoin/LinkedTransferQueue$Node, <init>, (Ljava/lang/Object;Z)V, sun/misc/Unsafe, putObject, (Ljava/lang/Object;JLjava/lang/Object;)V
scala/concurrent/forkjoin/LinkedTransferQueue$Node, forgetNext, ()V, sun/misc/Unsafe, putObject, (Ljava/lang/Object;JLjava/lang/Object;)V
scala/concurrent/forkjoin/LinkedTransferQueue$Node, forgetContents, ()V, sun/misc/Unsafe, putObject, (Ljava/lang/Object;JLjava/lang/Object;)V
scala/concurrent/forkjoin/LinkedTransferQueue$Node, forgetContents, ()V, sun/misc/Unsafe, putObject, (Ljava/lang/Object;JLjava/lang/Object;)V
scala/concurrent/forkjoin/LinkedTransferQueue$Node, <clinit>, ()V, sun/misc/Unsafe, objectFieldOffset, (Ljava/lang/reflect/Field;)J
scala/concurrent/forkjoin/LinkedTransferQueue$Node, <clinit>, ()V, sun/misc/Unsafe, objectFieldOffset, (Ljava/lang/reflect/Field;)J
scala/concurrent/forkjoin/LinkedTransferQueue$Node, <clinit>, ()V, sun/misc/Unsafe, objectFieldOffset, (Ljava/lang/reflect/Field;)J
scala/concurrent/forkjoin/LinkedTransferQueue, casTail, (Lscala/concurrent/forkjoin/LinkedTransferQueue$Node;Lscala/concurrent/forkjoin/LinkedTransferQueue$Node;)Z, sun/misc/Unsafe, compareAndSwapObject, (Ljava/lang/Object;JLjava/lang/Object;Ljava/lang/Object;)Z
scala/concurrent/forkjoin/LinkedTransferQueue, casHead, (Lscala/concurrent/forkjoin/LinkedTransferQueue$Node;Lscala/concurrent/forkjoin/LinkedTransferQueue$Node;)Z, sun/misc/Unsafe, compareAndSwapObject, (Ljava/lang/Object;JLjava/lang/Object;Ljava/lang/Object;)Z
scala/concurrent/forkjoin/LinkedTransferQueue, casSweepVotes, (II)Z, sun/misc/Unsafe, compareAndSwapInt, (Ljava/lang/Object;JII)Z
scala/concurrent/forkjoin/LinkedTransferQueue, <clinit>, ()V, sun/misc/Unsafe, objectFieldOffset, (Ljava/lang/reflect/Field;)J
scala/concurrent/forkjoin/LinkedTransferQueue, <clinit>, ()V, sun/misc/Unsafe, objectFieldOffset, (Ljava/lang/reflect/Field;)J
scala/concurrent/forkjoin/LinkedTransferQueue, <clinit>, ()V, sun/misc/Unsafe, objectFieldOffset, (Ljava/lang/reflect/Field;)J
scala/concurrent/impl/AbstractPromise, updateState, (Ljava/lang/Object;Ljava/lang/Object;)Z, sun/misc/Unsafe, compareAndSwapObject, (Ljava/lang/Object;JLjava/lang/Object;Ljava/lang/Object;)Z
scala/concurrent/impl/AbstractPromise, <clinit>, ()V, sun/misc/Unsafe, objectFieldOffset, (Ljava/lang/reflect/Field;)J
